Customer ID,Product Category,Product Price,Quantity,Total Purchase Amount,Payment Method,Customer Age,Returns,Customer Name,Gender,Churn,InvoiceNo,Description,UnitPrice,Country,Tenure,PreferredLoginDevice,WarehouseToHome,HourSpendOnApp,NumberOfDeviceRegistered,PreferedOrderCat,MaritalStatus,NumberOfAddress,Complain,OrderAmountHikeFromlastYear,CouponUsed,OrderCount,DaySinceLastOrder,CashbackAmount,payment,timestamp,rating,order_status,payment_installments,Ship Mode,Segment,City,State/Province,Postal Code,Product ID,Sub-Category,Product Name,Sales,Discount,Profit,Membership Type,Total Spend,Items Purchased,Average Rating,Discount Applied,Days Since Last Purchase,Satisfaction Level
44605.0,Home,177.0,1.0,2427.0,PayPal,31.0,1.0,John Rivera,Female,0.0,536365,WHITE HANGING HEART T-LIGHT HOLDER,2.55,United Kingdom,4.0,Mobile Phone,6.0,3.0,3.0,Laptop & Accessory,Single,9.0,1.0,11.0,1.0,1.0,5.0,159.93,1095.65,2017-11-21 22:34:00,5.0,delivered,5.0,Standard Class,Consumer,Houston,Texas,77095,OFF-PA-10000174,Paper,"Message Book, Wirebound, Four 5 1/2"" X 4"" Forms/Pg., 200 Dupl. Sets/Book",16.448,0.2,5.551199999999998,Gold,1120.2,14.0,4.6,True,25.0,Satisfied
44605.0,Electronics,396.0,3.0,937.0,Cash,31.0,0.0,John Rivera,Female,0.0,536365,KNITTED UNION FLAG HOT WATER BOTTLE,3.39,United Kingdom,0.0,Phone,15.0,2.0,4.0,Laptop & Accessory,Single,8.0,0.0,23.0,0.0,1.0,3.0,134.07,585.95,2018-01-06 22:22:00,4.0,delivered,1.0,Standard Class,Home Office,Naperville,Illinois,60540,OFF-ST-10002743,Storage,SAFCO Boltless Steel Shelving,272.736,0.2,-64.77480000000001,Gold,1480.3,19.0,4.7,False,12.0,Satisfied
13738.0,Home,191.0,3.0,3722.0,Credit Card,27.0,1.0,Lauren Johnson,Female,0.0,536365,SET 7 BABUSHKA NESTING BOXES,7.65,United Kingdom,0.0,Computer,22.0,3.0,5.0,Mobile Phone,Single,2.0,1.0,22.0,4.0,6.0,7.0,139.19,238.61,2018-04-08 21:57:00,5.0,delivered,8.0,Standard Class,Home Office,Henderson,Kentucky,42420,FUR-CH-10004063,Chairs,Global Deluxe High-Back Manager's Chair,2573.82,0.0,746.4077999999997,Bronze,440.8,8.0,3.1,False,22.0,Neutral
33969.0,Home,304.0,1.0,3883.0,PayPal,27.0,1.0,Carol Allen,Male,0.0,536367,POPPY'S PLAYHOUSE KITCHEN,2.1,United Kingdom,11.0,Mobile Phone,6.0,3.0,4.0,Fashion,Single,10.0,1.0,13.0,0.0,1.0,0.0,153.81,1629.33,2017-07-18 14:26:00,5.0,delivered,1.0,Second Class,Consumer,Los Angeles,California,90049,OFF-PA-10002005,Paper,Xerox 225,19.44,0.0,9.3312,Bronze,470.5,7.0,3.2,False,20.0,Neutral
33969.0,Books,54.0,2.0,4187.0,PayPal,27.0,0.0,Carol Allen,Male,0.0,536367,FELTCRAFT PRINCESS CHARLOTTE DOLL,3.75,United Kingdom,0.0,Phone,11.0,2.0,3.0,Mobile,Single,2.0,1.0,13.0,2.0,2.0,2.0,134.41,428.8,2018-07-16 12:41:00,5.0,delivered,3.0,Standard Class,Home Office,Henderson,Kentucky,42420,TEC-PH-10004539,Phones,Wireless Extenders zBoost YX545 SOHO Signal Booster,755.96,0.0,204.1092,Gold,1200.8,16.0,4.3,True,21.0,Satisfied
33969.0,Electronics,428.0,4.0,2289.0,Cash,27.0,0.0,Carol Allen,Male,0.0,536367,IVORY KNITTED MUG COSY ,1.65,United Kingdom,0.0,Phone,15.0,3.0,4.0,Mobile,Divorced,1.0,1.0,17.0,0.0,1.0,0.0,133.88,365.37,2017-01-08 07:31:00,5.0,delivered,1.0,Standard Class,Home Office,Henderson,Kentucky,42420,TEC-PH-10004977,Phones,GE 30524EE4,391.98,0.0,113.67419999999998,Silver,820.75,13.0,4.4,False,15.0,Satisfied
33969.0,Books,281.0,1.0,3810.0,Cash,27.0,0.0,Carol Allen,Male,0.0,536367,BOX OF 6 ASSORTED COLOUR TEASPOONS,4.25,United Kingdom,9.0,Mobile Phone,15.0,3.0,4.0,Fashion,Single,2.0,0.0,16.0,0.0,4.0,7.0,196.19,381.88,2018-02-22 17:06:00,4.0,delivered,6.0,Standard Class,Consumer,Huntsville,Texas,77340,FUR-FU-10004864,Furnishings,"Howard Miller 14-1/2"" Diameter Chrome Round Wall Clock",76.72800000000001,0.6,-53.70959999999999,Bronze,530.4,9.0,3.5,True,38.0,Unsatisfied
42650.0,Books,127.0,5.0,3347.0,Cash,20.0,0.0,Curtis Smith,Female,0.0,536367,HOME BUILDING BLOCK WORD,5.95,United Kingdom,0.0,Mobile Phone,11.0,2.0,4.0,Laptop & Accessory,Single,2.0,1.0,11.0,1.0,1.0,3.0,157.44,378.89,2017-08-06 17:50:00,5.0,delivered,1.0,Standard Class,Consumer,Laredo,Texas,78041,TEC-AC-10001266,Accessories,Memorex Micro Travel Drive 8 GB,31.200000000000003,0.2,9.749999999999996,Bronze,450.9,8.0,3.0,False,25.0,Neutral
42650.0,Home,284.0,2.0,3531.0,Credit Card,20.0,1.0,Curtis Smith,Female,0.0,536367,LOVE BUILDING BLOCK WORD,5.95,United Kingdom,0.0,Computer,13.0,3.0,5.0,Laptop & Accessory,Single,2.0,1.0,24.0,1.0,1.0,6.0,160.74,379.2,2017-07-22 12:59:00,4.0,delivered,10.0,Standard Class,Corporate,Springfield,Virginia,22153,FUR-FU-10000965,Furnishings,"Howard Miller 11-1/2"" Diameter Ridgewood Wall Clock",51.94,0.0,21.2954,Gold,1170.3,14.0,4.7,True,29.0,Satisfied
42650.0,Electronics,256.0,2.0,3548.0,Credit Card,20.0,0.0,Curtis Smith,Female,0.0,536367,RECIPE BOX WITH METAL HEART,7.95,United Kingdom,19.0,Mobile Phone,20.0,3.0,3.0,Mobile Phone,Divorced,10.0,1.0,18.0,1.0,4.0,3.0,149.63,373.17,2018-04-04 12:47:00,4.0,delivered,8.0,Standard Class,Corporate,Springfield,Virginia,22153,OFF-LA-10004272,Labels,Avery 482,2.89,0.0,1.3583,Silver,790.2,11.0,4.0,False,16.0,Neutral
42650.0,Clothing,252.0,2.0,1775.0,Credit Card,20.0,1.0,Curtis Smith,Female,0.0,536367,DOORMAT NEW ENGLAND,7.95,United Kingdom,0.0,Mobile Phone,12.0,3.0,5.0,Laptop & Accessory,Divorced,5.0,1.0,18.0,6.0,7.0,7.0,161.72,797.38,2018-06-13 08:52:00,5.0,delivered,6.0,First Class,Consumer,Dover,Delaware,19901,FUR-FU-10000010,Furnishings,"DAX Value U-Channel Document Frames, Easel Back",9.94,0.0,3.0813999999999995,Bronze,505.75,10.0,3.3,True,41.0,Unsatisfied
42650.0,Home,43.0,1.0,2312.0,Cash,20.0,0.0,Curtis Smith,Female,0.0,536368,YELLOW COAT RACK PARIS FASHION,4.95,United Kingdom,0.0,Phone,26.0,3.0,5.0,Laptop & Accessory,Divorced,4.0,1.0,11.0,1.0,2.0,2.0,145.59,381.86,2018-03-20 13:05:00,5.0,delivered,7.0,Standard Class,Consumer,San Francisco,California,94109,OFF-AR-10003514,Art,4009 Highlighters by Sanford,19.9,0.0,6.566999999999998,Bronze,430.8,7.0,3.4,False,23.0,Neutral
42650.0,Home,30.0,5.0,642.0,PayPal,20.0,1.0,Curtis Smith,Female,0.0,536368,BLUE COAT RACK PARIS FASHION,4.95,United Kingdom,14.0,Computer,14.0,2.0,5.0,Fashion,Single,3.0,0.0,15.0,0.0,1.0,3.0,206.5,370.52,2018-03-20 14:15:00,5.0,delivered,6.0,Standard Class,Consumer,Newark,Ohio,43055,OFF-BI-10003476,Binders,Avery Metallic Poly Binders,3.4380000000000006,0.7,-2.5212000000000003,Gold,1140.6,15.0,4.6,True,27.0,Satisfied
42650.0,Electronics,30.0,3.0,5024.0,Credit Card,20.0,1.0,Curtis Smith,Female,0.0,536369,BATH BUILDING BLOCK WORD,5.95,United Kingdom,0.0,Phone,15.0,2.0,3.0,Mobile Phone,Single,8.0,0.0,22.0,1.0,1.0,4.0,142.0,368.92,2017-08-21 23:44:00,4.0,delivered,8.0,Second Class,Corporate,Bossier City,Louisiana,71111,OFF-BI-10004187,Binders,3-ring staple pack,5.64,0.0,2.7071999999999994,Silver,810.9,12.0,4.3,False,13.0,Neutral
42650.0,Books,66.0,3.0,250.0,PayPal,20.0,1.0,Curtis Smith,Female,0.0,536370,PANDA AND BUNNIES STICKER SHEET,0.85,France,5.0,Computer,14.0,2.0,3.0,Fashion,Single,2.0,0.0,14.0,2.0,3.0,7.0,189.98,377.03,2018-09-04 10:18:00,5.0,delivered,1.0,Second Class,Corporate,Bossier City,Louisiana,71111,OFF-ST-10000025,Storage,Fellowes Stor/Drawer Steel Plus Storage Drawers,572.58,0.0,34.354799999999955,Bronze,460.5,8.0,3.1,False,19.0,Neutral
24053.0,Electronics,102.0,2.0,5206.0,Credit Card,53.0,1.0,Jose Green,Male,0.0,536370,STARS GIFT TAPE ,0.65,France,2.0,Computer,6.0,2.0,3.0,Laptop & Accessory,Divorced,2.0,0.0,13.0,0.0,1.0,9.0,143.19,396.2,2017-08-31 21:20:00,5.0,delivered,2.0,Standard Class,Consumer,San Francisco,California,94109,OFF-ST-10000078,Storage,Tennsco 6- and 18-Compartment Lockers,1325.85,0.0,238.6529999999999,Gold,1190.8,16.0,4.5,True,20.0,Satisfied
24053.0,Books,187.0,5.0,629.0,PayPal,53.0,1.0,Jose Green,Male,0.0,536370,INFLATABLE POLITICAL GLOBE ,0.85,France,0.0,Mobile Phone,13.0,2.0,4.0,Laptop & Accessory,Divorced,3.0,0.0,17.0,1.0,1.0,0.0,161.32,368.6,2017-11-23 16:19:00,5.0,delivered,1.0,Second Class,Corporate,Bossier City,Louisiana,71111,TEC-AC-10003174,Accessories,Plantronics S12 Corded Telephone Headset System,646.74,0.0,258.696,Silver,830.75,13.0,4.2,False,14.0,Satisfied
24053.0,Books,86.0,1.0,843.0,Credit Card,53.0,1.0,Jose Green,Male,0.0,536370,VINTAGE HEADS AND TAILS CARD GAME ,1.25,France,30.0,Phone,15.0,3.0,4.0,Mobile,Divorced,5.0,1.0,20.0,1.0,1.0,0.0,133.46,369.6,2018-08-02 21:46:00,4.0,delivered,8.0,First Class,Corporate,Philadelphia,Pennsylvania,19140,FUR-BO-10003433,Bookcases,Sauder Cornerstone Collection Library,61.96,0.5,-53.28560000000001,Bronze,520.4,9.0,3.5,True,37.0,Unsatisfied
24053.0,Electronics,364.0,3.0,1008.0,Credit Card,53.0,0.0,Jose Green,Male,0.0,536370,SET/2 RED RETROSPOT TEA TOWELS ,2.95,France,13.0,Mobile Phone,10.0,3.0,4.0,Fashion,Divorced,8.0,0.0,11.0,2.0,2.0,11.0,208.55,378.61,2017-01-31 12:33:00,4.0,delivered,1.0,First Class,Consumer,Roswell,Georgia,30076,TEC-AC-10003628,Accessories,Logitech 910-002974 M325 Wireless Mouse for Web Scrolling,149.95,0.0,65.97800000000001,Gold,1370.2,18.0,4.7,False,10.0,Satisfied
19676.0,Electronics,165.0,5.0,603.0,Credit Card,57.0,0.0,Linda Lee,Male,0.0,536370,CHARLOTTE BAG DOLLY GIRL DESIGN,0.85,France,30.0,Mobile Phone,30.0,2.0,2.0,Fashion,Married,4.0,1.0,16.0,1.0,1.0,4.0,194.39,368.92,2017-09-23 10:49:00,4.0,delivered,8.0,Second Class,Corporate,Springfield,Oregon,97477,OFF-AP-10000692,Appliances,Fellowes Mighty 8 Compact Surge Protector,64.864,0.2,6.486400000000003,Bronze,500.75,10.0,3.3,True,40.0,Unsatisfied
16051.0,Home,287.0,3.0,3908.0,Cash,45.0,0.0,Ellen Kent,Male,0.0,536373,WHITE HANGING HEART T-LIGHT HOLDER,2.55,United Kingdom,18.0,Mobile Phone,10.0,1.0,3.0,Laptop & Accessory,Married,5.0,1.0,11.0,0.0,1.0,3.0,150.06,428.58,2018-10-06 20:02:00,5.0,delivered,1.0,Standard Class,Consumer,Jonesboro,Arkansas,72401,OFF-AR-10002375,Art,Newell 351,22.96,0.0,6.658399999999997,Silver,790.2,11.0,4.0,False,15.0,Neutral
16051.0,Home,400.0,3.0,4889.0,Cash,45.0,1.0,Ellen Kent,Male,0.0,536373,WHITE METAL LANTERN,3.39,United Kingdom,29.0,Phone,14.0,3.0,3.0,Mobile Phone,Married,5.0,1.0,18.0,1.0,2.0,2.0,142.57,529.54,2018-04-04 12:17:00,4.0,delivered,8.0,Standard Class,Consumer,Jonesboro,Arkansas,72401,OFF-AR-10003811,Art,Newell 327,6.63,0.0,1.7901,Bronze,505.75,10.0,3.3,True,39.0,Unsatisfied
16051.0,Home,23.0,1.0,3820.0,Credit Card,45.0,0.0,Ellen Kent,Male,0.0,536373,EDWARDIAN PARASOL RED,4.95,United Kingdom,0.0,Mobile Phone,8.0,2.0,4.0,Mobile Phone,Single,2.0,0.0,22.0,0.0,1.0,0.0,111.02,428.8,2018-05-08 23:13:00,5.0,delivered,8.0,Standard Class,Consumer,Westland,Michigan,48185,OFF-BI-10000605,Binders,"Acco Pressboard Covers with Storage Hooks, 9 1/2"" x 11"", Executive Red",19.05,0.0,8.953499999999998,Silver,710.4,13.0,4.1,True,54.0,Unsatisfied
23734.0,Clothing,14.0,1.0,5020.0,Credit Card,18.0,1.0,Cheryl Espinoza,Male,0.0,536373,RETRO COFFEE MUGS ASSORTED,1.06,United Kingdom,19.0,Mobile Phone,6.0,3.0,3.0,Fashion,Married,2.0,0.0,25.0,4.0,15.0,7.0,204.53,368.92,2017-10-18 14:25:00,5.0,delivered,6.0,Standard Class,Corporate,Smyrna,Tennessee,37167,OFF-BI-10003091,Binders,GBC DocuBind TL200 Manual Binding Machine,67.194,0.7,-51.51539999999999,Bronze,430.8,7.0,3.4,False,23.0,Neutral
23734.0,Books,283.0,5.0,2673.0,Cash,18.0,0.0,Cheryl Espinoza,Male,0.0,536373,VINTAGE BILLBOARD DRINK ME MUG,1.06,United Kingdom,4.0,Phone,18.0,3.0,3.0,Mobile Phone,Divorced,9.0,1.0,23.0,1.0,1.0,2.0,139.29,371.05,2017-01-20 00:25:00,5.0,delivered,4.0,Standard Class,Consumer,Jonesboro,Arkansas,72401,OFF-EN-10001539,Envelopes,Staple envelope,23.34,0.0,10.9698,Silver,810.9,12.0,4.3,False,13.0,Neutral
16921.0,Clothing,350.0,2.0,1752.0,Cash,54.0,1.0,Cheyenne James,Male,0.0,536373,WOOD S/3 CABINET ANT WHITE FINISH,6.95,United Kingdom,23.0,Phone,6.0,2.0,4.0,Mobile Phone,Divorced,3.0,0.0,15.0,0.0,1.0,2.0,136.9,419.27,2018-10-03 14:52:00,5.0,delivered,10.0,Standard Class,Consumer,Westland,Michigan,48185,OFF-ST-10003123,Storage,Fellowes Bases and Tops For Staxonsteel/High-Stak Systems,66.58,0.0,15.9792,Silver,670.3,10.0,3.8,True,33.0,Unsatisfied
16921.0,Home,66.0,1.0,2892.0,Cash,54.0,0.0,Cheyenne James,Male,0.0,536373,WOODEN PICTURE FRAME WHITE FINISH,2.1,United Kingdom,26.0,Phone,19.0,2.0,2.0,Laptop & Accessory,Married,2.0,0.0,11.0,1.0,1.0,3.0,144.5,364.05,2018-05-01 09:35:00,5.0,delivered,5.0,Standard Class,Consumer,Jonesboro,Arkansas,72401,TEC-PH-10001061,Phones,Apple iPhone 5C,699.93,0.0,181.9818,Bronze,460.5,8.0,3.1,False,19.0,Neutral
7796.0,Clothing,195.0,1.0,3818.0,PayPal,21.0,1.0,Lisa Dennis,Male,0.0,536373,SET 7 BABUSHKA NESTING BOXES,7.65,United Kingdom,7.0,Computer,8.0,2.0,4.0,Laptop & Accessory,Divorced,2.0,0.0,17.0,0.0,1.0,9.0,195.47,372.08,2018-08-03 09:27:00,4.0,delivered,5.0,Standard Class,Corporate,Toronto,Ontario,M7A,FUR-FU-10002960,Furnishings,"Eldon 200 Class Desk Accessories, Burgundy",31.4,0.0,13.19,Gold,1370.2,18.0,4.7,False,10.0,Satisfied
21035.0,Electronics,443.0,2.0,1884.0,Credit Card,50.0,1.0,Peter Watson,Female,1.0,536375,WHITE METAL LANTERN,3.39,United Kingdom,0.0,Mobile Phone,29.0,2.0,4.0,Laptop & Accessory,Divorced,4.0,1.0,13.0,1.0,1.0,1.0,159.16,386.5,2018-06-13 21:28:00,5.0,delivered,4.0,Standard Class,Consumer,Las Vegas,Nevada,89115,OFF-PA-10001804,Paper,Xerox 195,40.08,0.0,19.2384,Silver,800.2,11.0,4.1,False,17.0,Neutral
21035.0,Home,249.0,1.0,2925.0,Credit Card,50.0,0.0,Peter Watson,Female,1.0,536375,RETRO COFFEE MUGS ASSORTED,1.06,United Kingdom,10.0,Phone,27.0,3.0,2.0,Mobile Phone,Divorced,2.0,1.0,12.0,0.0,1.0,7.0,135.64,369.6,2018-04-01 13:52:00,5.0,delivered,4.0,Standard Class,Home Office,Alexandria,Virginia,22304,FUR-FU-10004587,Furnishings,"GE General Use Halogen Bulbs, 100 Watts, 1 Bulb per Pack",62.82000000000001,0.0,30.7818,Silver,700.4,13.0,4.0,True,53.0,Unsatisfied
21035.0,Electronics,457.0,2.0,2919.0,PayPal,50.0,1.0,Peter Watson,Female,1.0,536375,VINTAGE BILLBOARD DRINK ME MUG,1.06,United Kingdom,15.0,Computer,27.0,2.0,3.0,Laptop & Accessory,Married,3.0,0.0,16.0,0.0,1.0,2.0,152.65,368.92,2017-10-16 12:26:00,5.0,delivered,1.0,Standard Class,Home Office,Alexandria,Virginia,22304,OFF-PA-10000380,Paper,"REDIFORM Incoming/Outgoing Call Register, 11"" X 8 1/2"", 100 Messages",16.68,0.0,8.34,Gold,1130.6,15.0,4.5,True,26.0,Satisfied
21035.0,Home,237.0,2.0,1088.0,Cash,50.0,1.0,Peter Watson,Female,1.0,536375,VINTAGE BILLBOARD LOVE/HATE MUG,1.06,United Kingdom,11.0,Mobile Phone,8.0,2.0,3.0,Laptop & Accessory,Divorced,10.0,0.0,14.0,0.0,1.0,0.0,165.53,367.11,2017-09-28 15:00:00,5.0,delivered,4.0,Standard Class,Home Office,Alexandria,Virginia,22304,OFF-PA-10003072,Paper,"Eureka Recycled Copy Paper 8 1/2"" x 11"", Ream",19.44,0.0,9.3312,Silver,820.9,12.0,4.3,False,12.0,Neutral
37125.0,Electronics,311.0,2.0,2992.0,Cash,24.0,0.0,Terry Campos,Female,0.0,536375,WOOD S/3 CABINET ANT WHITE FINISH,6.95,United Kingdom,0.0,Computer,6.0,2.0,4.0,Laptop & Accessory,Divorced,6.0,0.0,19.0,0.0,2.0,0.0,142.98,398.88,2018-01-29 09:00:00,5.0,delivered,5.0,Standard Class,Home Office,Alexandria,Virginia,22304,TEC-PH-10002103,Phones,Jabra SPEAK 410,187.98,0.0,52.6344,Gold,1490.1,21.0,4.9,False,9.0,Satisfied
37125.0,Home,158.0,4.0,1047.0,Cash,24.0,0.0,Terry Campos,Female,0.0,536375,WOODEN PICTURE FRAME WHITE FINISH,2.1,United Kingdom,22.0,Computer,24.0,3.0,3.0,Laptop & Accessory,Married,2.0,1.0,15.0,0.0,1.0,7.0,168.04,369.92,2017-09-18 22:59:00,5.0,delivered,1.0,Standard Class,Home Office,Alexandria,Virginia,22304,TEC-PH-10004833,Phones,Macally Suction Cup Mount,155.35,0.0,0.0,Silver,680.3,10.0,3.8,True,32.0,Unsatisfied
41840.0,Clothing,10.0,5.0,3540.0,Credit Card,48.0,0.0,Ronald Berger,Male,0.0,536375,WOODEN FRAME ANTIQUE WHITE ,2.55,United Kingdom,7.0,Computer,16.0,2.0,3.0,Mobile Phone,Married,2.0,1.0,17.0,2.0,2.0,0.0,138.15,398.88,2018-01-26 19:59:00,5.0,delivered,6.0,Standard Class,Consumer,San Diego,California,92037,FUR-TA-10003469,Tables,Balt Split Level Computer Training Table,333.0,0.2,-16.64999999999999,Bronze,470.5,8.0,3.0,False,18.0,Neutral
41840.0,Electronics,298.0,3.0,1837.0,Cash,48.0,1.0,Ronald Berger,Male,0.0,536375,RED WOOLLY HOTTIE WHITE HEART.,3.39,United Kingdom,1.0,Mobile Phone,35.0,3.0,3.0,Laptop & Accessory,Divorced,8.0,1.0,19.0,0.0,1.0,0.0,166.73,398.46,2018-08-05 09:22:00,5.0,delivered,8.0,Standard Class,Consumer,San Diego,California,92037,OFF-ST-10003692,Storage,Recycled Steel Personal File for Hanging File Folders,57.23,0.0,14.307499999999996,Silver,790.2,11.0,4.0,False,15.0,Neutral
41840.0,Home,389.0,3.0,907.0,Cash,48.0,0.0,Ronald Berger,Male,0.0,536375,SET 7 BABUSHKA NESTING BOXES,7.65,United Kingdom,0.0,Mobile Phone,33.0,2.0,3.0,Fashion,Divorced,2.0,0.0,22.0,1.0,1.0,9.0,176.39,396.2,2017-09-21 12:33:00,5.0,delivered,1.0,Standard Class,Consumer,New York City,New York,10024,OFF-BI-10000343,Binders,"Pressboard Covers with Storage Hooks, 9 1/2"" x 11"", Light Blue",3.928,0.2,1.3257,Bronze,505.75,10.0,3.3,True,39.0,Unsatisfied
41840.0,Electronics,277.0,5.0,3975.0,PayPal,48.0,0.0,Ronald Berger,Male,0.0,536376,RED HANGING HEART T-LIGHT HOLDER,2.55,United Kingdom,13.0,Computer,15.0,3.0,4.0,Laptop & Accessory,Divorced,10.0,0.0,14.0,1.0,1.0,2.0,148.76,384.7,2018-08-13 10:40:00,5.0,delivered,4.0,First Class,Consumer,Mission Viejo,California,92691,FUR-BO-10003966,Bookcases,"Sauder Facets Collection Library, Sky Alder Finish",290.666,0.15,3.4195999999999884,Bronze,430.8,7.0,3.4,False,23.0,Neutral
41840.0,Home,431.0,2.0,4053.0,Cash,48.0,0.0,Ronald Berger,Male,0.0,536377,HAND WARMER RED POLKA DOT,1.85,United Kingdom,19.0,Mobile Phone,6.0,3.0,3.0,Fashion,Married,8.0,0.0,16.0,0.0,1.0,3.0,193.96,319.33,2017-11-24 16:33:00,3.0,delivered,1.0,First Class,Consumer,Green Bay,Wisconsin,54302,TEC-AC-10001432,Accessories,Enermax Aurora Lite Keyboard,468.9,0.0,206.3160000000001,Gold,1140.6,15.0,4.6,True,27.0,Satisfied
41840.0,Clothing,137.0,1.0,993.0,Cash,48.0,1.0,Ronald Berger,Male,0.0,536378,JUMBO BAG PINK POLKADOT,1.95,United Kingdom,3.0,Computer,6.0,2.0,4.0,Fashion,Single,2.0,0.0,22.0,2.0,5.0,8.0,184.74,1205.79,2018-11-05 10:46:00,3.0,delivered,4.0,Standard Class,Home Office,San Diego,California,92037,OFF-FA-10001843,Fasteners,Staples,12.35,0.0,5.8045,Bronze,485.25,9.0,3.6,True,39.0,Unsatisfied
2642.0,Books,20.0,5.0,5089.0,Cash,67.0,0.0,Ian Kelley,Female,0.0,536378,JUMBO  BAG BAROQUE BLACK WHITE,1.95,United Kingdom,0.0,Computer,26.0,2.0,3.0,Laptop & Accessory,Single,2.0,0.0,14.0,1.0,1.0,7.0,199.81,1205.79,2018-11-05 10:46:00,3.0,delivered,4.0,Standard Class,Consumer,Saint Petersburg,Florida,33710,TEC-PH-10002890,Phones,AT&T 17929 Lendline Telephone,180.96,0.2,13.571999999999996,Gold,1500.1,21.0,4.9,False,10.0,Satisfied
2642.0,Home,387.0,2.0,2958.0,Credit Card,67.0,1.0,Ian Kelley,Female,0.0,536378,BLUE 3 PIECE POLKADOT CUTLERY SET,3.75,United Kingdom,0.0,Computer,32.0,2.0,4.0,Laptop & Accessory,Single,6.0,0.0,15.0,0.0,1.0,1.0,166.96,389.7,2018-08-14 19:53:00,5.0,delivered,7.0,Standard Class,Home Office,San Diego,California,92024,OFF-BI-10004230,Binders,GBC Recycled Grain Textured Covers,82.896,0.2,29.0136,Silver,830.75,13.0,4.2,False,14.0,Satisfied
1254.0,Home,413.0,5.0,3742.0,Cash,70.0,0.0,Mr. David Morgan,Male,0.0,536378,LUNCH BAG RED RETROSPOT,1.65,United Kingdom,18.0,Computer,12.0,2.0,4.0,Fashion,Single,7.0,0.0,12.0,12.0,12.0,8.0,188.65,395.58,2018-06-06 11:01:00,5.0,delivered,3.0,Second Class,Consumer,Romeoville,Illinois,60441,OFF-BI-10001196,Binders,"Avery Flip-Chart Easel Binder, Black",8.951999999999998,0.8,-14.7708,Gold,1370.2,18.0,4.7,False,10.0,Satisfied
13389.0,Books,296.0,3.0,4554.0,Cash,51.0,1.0,Monica Ramos,Male,0.0,536378,LUNCH BOX WITH CUTLERY RETROSPOT ,2.55,United Kingdom,9.0,Mobile Phone,11.0,3.0,3.0,Laptop & Accessory,Single,9.0,0.0,16.0,0.0,3.0,7.0,159.14,369.92,2017-09-15 16:14:00,5.0,delivered,8.0,First Class,Corporate,Chesapeake,Virginia,23320,TEC-PH-10001615,Phones,AT&T CL82213,144.95,0.0,42.03549999999999,Bronze,440.9,8.0,3.2,False,24.0,Neutral
13389.0,Clothing,436.0,3.0,5025.0,PayPal,51.0,1.0,Monica Ramos,Male,0.0,536378,60 TEATIME FAIRY CAKE CASES,0.55,United Kingdom,4.0,Computer,6.0,2.0,5.0,Laptop & Accessory,Divorced,1.0,0.0,12.0,1.0,1.0,4.0,143.45,1115.37,2018-05-17 07:22:00,5.0,delivered,1.0,First Class,Home Office,North Las Vegas,Nevada,89031,FUR-FU-10002111,Furnishings,"Master Caster Door Stop, Large Brown",14.56,0.0,5.5328,Gold,1460.5,20.0,4.8,False,12.0,Satisfied
13389.0,Home,495.0,4.0,1176.0,Credit Card,51.0,0.0,Monica Ramos,Male,0.0,536378,CHARLIE & LOLA WASTEPAPER BIN FLORA,1.25,United Kingdom,10.0,Computer,10.0,2.0,3.0,Mobile Phone,Married,5.0,0.0,17.0,1.0,5.0,8.0,0.0,1115.37,2018-05-17 07:22:00,5.0,delivered,1.0,Second Class,Consumer,Columbia,Missouri,65203,FUR-FU-10002298,Furnishings,"Rubbermaid ClusterMat Chairmats, Mat Size- 66"" x 60"", Lip 20"" x 11"" -90 Degree Angle",332.94,0.0,53.2704,Bronze,420.8,7.0,3.1,False,21.0,Neutral
13389.0,Home,165.0,2.0,1664.0,Cash,51.0,0.0,Monica Ramos,Male,0.0,536378,RED CHARLIE+LOLA PERSONAL DOORSIGN,0.38,United Kingdom,2.0,Computer,6.0,2.0,3.0,Fashion,Divorced,2.0,0.0,14.0,4.0,4.0,1.0,179.18,314.82,2017-11-24 18:36:00,5.0,delivered,5.0,Standard Class,Consumer,Chesapeake,Virginia,23320,FUR-TA-10003715,Tables,Hon 2111 Invitation Series Corner Table,1256.22,0.0,75.37319999999994,Gold,1130.6,15.0,4.5,True,26.0,Satisfied
24473.0,Clothing,59.0,3.0,1147.0,Credit Card,38.0,0.0,Nicole Lewis,Female,0.0,536378,JUMBO STORAGE BAG SUKI,1.95,United Kingdom,8.0,Computer,6.0,3.0,3.0,Fashion,Single,2.0,0.0,14.0,1.0,1.0,8.0,187.89,368.6,2018-07-02 07:18:00,5.0,delivered,3.0,Standard Class,Consumer,Chesapeake,Virginia,23320,OFF-BI-10003291,Binders,Wilson Jones Leather-Like Binders with DublLock Round Rings,17.46,0.0,8.206199999999999,Silver,820.9,12.0,4.3,False,12.0,Neutral
24473.0,Books,462.0,1.0,4042.0,Credit Card,38.0,1.0,Nicole Lewis,Female,0.0,536380,JAM MAKING SET PRINTED,1.45,United Kingdom,25.0,Phone,8.0,2.0,4.0,Mobile,Single,8.0,0.0,15.0,0.0,2.0,2.0,132.12,412.43,2018-05-26 20:54:00,5.0,delivered,4.0,Second Class,Consumer,Columbia,Missouri,65203,OFF-BI-10004728,Binders,Wilson Jones Turn Tabs Binder Tool for Ring Binders,9.64,0.0,4.4344,Gold,1490.1,21.0,4.9,False,9.0,Satisfied
24741.0,Home,369.0,1.0,3026.0,PayPal,50.0,1.0,Steven Mcmillan,Female,0.0,536381,FELT EGG COSY CHICKEN,0.85,United Kingdom,0.0,Phone,6.0,3.0,4.0,Mobile Phone,Single,1.0,1.0,14.0,1.0,1.0,2.0,137.3,382.74,2018-07-24 19:52:00,5.0,delivered,1.0,Standard Class,Corporate,Seattle,Washington,98105,OFF-BI-10001031,Binders,Pressboard Data Binders by Wilson Jones,21.36,0.2,7.209,Gold,1140.6,15.0,4.6,True,27.0,Satisfied
24741.0,Books,149.0,2.0,1377.0,Cash,50.0,0.0,Steven Mcmillan,Female,0.0,536381,COOK WITH WINE METAL SIGN ,1.95,United Kingdom,13.0,Phone,30.0,3.0,3.0,Laptop & Accessory,Married,2.0,0.0,17.0,2.0,4.0,7.0,133.19,370.59,2018-01-02 17:36:00,3.0,delivered,8.0,Same Day,Consumer,Lubbock,Texas,79424,FUR-FU-10002396,Furnishings,"DAX Copper Panel Document Frame, 5 x 7 Size",25.16,0.6,-11.322,Silver,670.3,10.0,3.8,True,33.0,Unsatisfied
10191.0,Books,498.0,4.0,705.0,Cash,66.0,0.0,Walter Griffin,Male,0.0,536381,PAPER CHAIN KIT RETROSPOT,2.95,United Kingdom,10.0,Phone,6.0,2.0,4.0,Mobile Phone,Divorced,3.0,0.0,14.0,1.0,1.0,2.0,139.2,381.88,2017-11-12 13:19:00,1.0,delivered,6.0,Standard Class,Consumer,Woodstock,Illinois,60098,OFF-BI-10004094,Binders,GBC Standard Plastic Binding Systems Combs,8.849999999999998,0.8,-13.717499999999998,Gold,1370.2,18.0,4.7,False,10.0,Satisfied
10191.0,Home,334.0,3.0,2542.0,Cash,66.0,0.0,Walter Griffin,Male,0.0,536381,SMALL HEART FLOWERS HOOK ,0.85,United Kingdom,18.0,Computer,13.0,3.0,2.0,Laptop & Accessory,Divorced,5.0,0.0,17.0,0.0,1.0,2.0,164.34,381.86,2018-03-18 19:20:00,1.0,delivered,8.0,First Class,Consumer,Moreno Valley,California,92553,OFF-PA-10001800,Paper,Xerox 220,19.44,0.0,9.3312,Silver,690.6,12.0,3.9,True,47.0,Unsatisfied
10191.0,Electronics,118.0,2.0,2304.0,Credit Card,66.0,1.0,Walter Griffin,Male,0.0,536381,PHOTO CLIP LINE,1.25,United Kingdom,0.0,Computer,16.0,3.0,3.0,Fashion,Married,7.0,0.0,11.0,1.0,1.0,0.0,200.48,363.74,2017-03-23 12:35:00,4.0,delivered,1.0,Standard Class,Home Office,El Paso,Texas,79907,OFF-BI-10000320,Binders,GBC Plastic Binding Combs,4.427999999999999,0.8,-6.863399999999999,Bronze,440.9,8.0,3.2,False,24.0,Neutral
10191.0,Books,202.0,5.0,3290.0,Credit Card,66.0,1.0,Walter Griffin,Male,0.0,536381,CERAMIC CHERRY CAKE MONEY BANK,1.45,United Kingdom,2.0,Mobile Phone,26.0,2.0,3.0,Laptop & Accessory,Married,3.0,0.0,14.0,1.0,1.0,2.0,169.31,17.54,2017-03-13 22:55:00,5.0,delivered,1.0,First Class,Consumer,Columbus,Ohio,43229,OFF-AR-10003560,Art,Zebra Zazzle Fluorescent Highlighters,19.456000000000003,0.2,3.404799999999998,Gold,1460.5,20.0,4.8,False,12.0,Satisfied
10191.0,Books,291.0,3.0,4776.0,PayPal,66.0,0.0,Walter Griffin,Male,0.0,536381,RETROSPOT LARGE MILK JUG,4.95,United Kingdom,0.0,Phone,6.0,3.0,3.0,Laptop & Accessory,Divorced,1.0,0.0,12.0,1.0,1.0,2.0,148.98,191.56,2017-03-13 22:55:00,5.0,delivered,10.0,Standard Class,Home Office,Elmhurst,Illinois,60126,FUR-CH-10000863,Chairs,Novimex Swivel Fabric Task Chair,634.116,0.3,-172.11720000000005,Silver,700.4,13.0,4.0,True,53.0,Unsatisfied
6829.0,Home,127.0,3.0,3219.0,PayPal,43.0,1.0,Chelsea Williams,Male,0.0,536381,CERAMIC STRAWBERRY CAKE MONEY BANK,1.45,United Kingdom,0.0,Computer,35.0,3.0,4.0,Mobile,Single,1.0,0.0,11.0,1.0,1.0,4.0,134.79,372.75,2017-11-12 13:32:00,3.0,delivered,7.0,Standard Class,Consumer,Houston,Texas,77036,FUR-TA-10001866,Tables,Bevis Round Conference Room Tables and Bases,376.509,0.3,-43.029600000000045,Bronze,480.25,9.0,3.6,True,38.0,Unsatisfied
16825.0,Clothing,420.0,2.0,969.0,Cash,37.0,1.0,Melissa Cabrera,Male,1.0,536381,BALLOON ART MAKE YOUR OWN FLOWERS,1.95,United Kingdom,11.0,Computer,8.0,2.0,4.0,Laptop & Accessory,Divorced,4.0,0.0,18.0,6.0,7.0,5.0,152.49,381.88,2017-12-13 02:49:00,5.0,delivered,10.0,Standard Class,Home Office,Elmhurst,Illinois,60126,OFF-PA-10003036,Paper,"Black Print Carbonless 8 1/2"" x 8 1/4"" Rapid Memo Book",17.472,0.2,5.678399999999998,Silver,680.3,10.0,3.8,True,32.0,Unsatisfied
16825.0,Clothing,166.0,4.0,1379.0,PayPal,37.0,0.0,Melissa Cabrera,Male,1.0,536381,GUMBALL MONOCHROME COAT RACK,1.06,United Kingdom,0.0,Phone,8.0,3.0,3.0,Mobile,Single,3.0,0.0,11.0,1.0,1.0,0.0,134.85,379.2,2017-08-30 16:03:00,4.0,delivered,3.0,Standard Class,Home Office,New York City,New York,10035,TEC-PH-10003655,Phones,Sannysis Cute Owl Design Soft Skin Case Cover for Samsung Galaxy S4,5.94,0.0,1.6038,Silver,790.2,11.0,4.0,False,15.0,Neutral
18467.0,Clothing,115.0,5.0,1589.0,Credit Card,23.0,0.0,Terri Carter,Male,0.0,536381,DOORMAT FANCY FONT HOME SWEET HOME,6.75,United Kingdom,2.0,Mobile Phone,8.0,3.0,4.0,Laptop & Accessory,Divorced,3.0,0.0,19.0,0.0,1.0,0.0,166.44,369.6,2018-02-14 17:48:00,5.0,delivered,8.0,Standard Class,Home Office,New York City,New York,10009,OFF-EN-10001990,Envelopes,Staple envelope,11.36,0.0,5.339199999999999,Bronze,505.75,10.0,3.3,True,39.0,Unsatisfied
18467.0,Clothing,50.0,1.0,551.0,PayPal,23.0,1.0,Terri Carter,Male,0.0,536382,INFLATABLE POLITICAL GLOBE ,0.85,United Kingdom,0.0,Computer,11.0,2.0,2.0,Laptop & Accessory,Married,2.0,0.0,12.0,1.0,1.0,5.0,140.0,318.34,2017-11-24 13:02:00,5.0,delivered,2.0,Standard Class,Home Office,New York City,New York,10009,OFF-PA-10000587,Paper,"Array Parchment Paper, Assorted Colors",36.4,0.0,17.472,Silver,710.4,13.0,4.1,True,54.0,Unsatisfied
18467.0,Home,192.0,5.0,1109.0,PayPal,23.0,0.0,Terri Carter,Male,0.0,536382,CHOCOLATE CALCULATOR,1.65,United Kingdom,9.0,Phone,12.0,2.0,3.0,Mobile,Divorced,1.0,0.0,11.0,4.0,10.0,11.0,132.1,381.88,2017-12-13 10:23:00,5.0,delivered,10.0,Standard Class,Corporate,Columbus,Ohio,43229,FUR-BO-10001972,Bookcases,O'Sullivan 4-Shelf Bookcase in Odessa Pine,302.45,0.5,-199.617,Gold,1130.6,15.0,4.5,True,26.0,Satisfied
18467.0,Home,451.0,2.0,1834.0,PayPal,23.0,0.0,Terri Carter,Male,0.0,536382,ANTIQUE GLASS DRESSING TABLE POT,2.95,United Kingdom,10.0,Mobile Phone,12.0,3.0,3.0,Laptop & Accessory,Divorced,5.0,0.0,14.0,0.0,1.0,1.0,165.02,189.3,2017-02-18 12:23:00,4.0,delivered,3.0,Standard Class,Home Office,New York City,New York,10035,OFF-BI-10003429,Binders,"Cardinal HOLDit! Binder Insert Strips,Extra Strips",25.32,0.2,9.1785,Silver,680.3,10.0,3.8,True,32.0,Unsatisfied
34857.0,Electronics,284.0,4.0,402.0,PayPal,57.0,0.0,Alexander Morse,Male,1.0,536382,3 TIER CAKE TIN RED AND CREAM,14.95,United Kingdom,11.0,Mobile Phone,13.0,2.0,2.0,Laptop & Accessory,Married,2.0,1.0,24.0,0.0,7.0,7.0,156.05,380.85,2018-08-16 18:59:00,5.0,delivered,5.0,Standard Class,Home Office,New York City,New York,10035,TEC-PH-10004700,Phones,PowerGen Dual USB Car Charger,9.99,0.0,4.5954,Bronze,505.75,10.0,3.3,True,39.0,Unsatisfied
34857.0,Books,60.0,2.0,1383.0,Credit Card,57.0,1.0,Alexander Morse,Male,1.0,536382,SET 3 WICKER OVAL BASKETS W LIDS,16.95,United Kingdom,0.0,Computer,6.0,2.0,3.0,Laptop & Accessory,Married,2.0,0.0,20.0,0.0,1.0,4.0,163.97,371.59,2018-03-03 01:40:00,4.0,delivered,2.0,Standard Class,Consumer,Margate,Florida,33063,OFF-AR-10001374,Art,"BIC Brite Liner Highlighters, Chisel Tip",15.552000000000003,0.2,2.332799999999999,Gold,1470.5,20.0,4.8,False,13.0,Satisfied
34857.0,Books,137.0,2.0,2428.0,Cash,57.0,0.0,Alexander Morse,Male,1.0,536384,COLOUR GLASS T-LIGHT HOLDER HANGING,0.65,United Kingdom,15.0,Phone,6.0,2.0,3.0,Laptop & Accessory,Divorced,2.0,0.0,25.0,4.0,11.0,6.0,149.07,396.2,2017-07-08 21:13:00,5.0,delivered,1.0,Second Class,Consumer,Yonkers,New York,10701,OFF-BI-10001617,Binders,GBC Wire Binding Combs,49.632000000000005,0.2,16.750799999999998,Gold,1140.6,15.0,4.6,True,27.0,Satisfied
21801.0,Electronics,179.0,3.0,676.0,Credit Card,19.0,1.0,Anne Leblanc,Female,0.0,536384,HANGING METAL HEART LANTERN,1.65,United Kingdom,2.0,Computer,8.0,2.0,3.0,Laptop & Accessory,Single,2.0,0.0,18.0,0.0,1.0,9.0,145.54,317.34,2017-11-24 19:11:00,5.0,delivered,3.0,Second Class,Consumer,Yonkers,New York,10701,OFF-PA-10001878,Paper,Xerox 1891,97.82,0.0,45.97539999999999,Silver,810.9,12.0,4.3,False,13.0,Neutral
21801.0,Electronics,228.0,4.0,3988.0,PayPal,19.0,0.0,Anne Leblanc,Female,0.0,536384,NATURAL SLATE HEART CHALKBOARD ,2.95,United Kingdom,0.0,Computer,17.0,2.0,3.0,Laptop & Accessory,Divorced,2.0,1.0,13.0,2.0,3.0,3.0,147.41,370.33,2018-04-25 00:27:00,5.0,delivered,8.0,Second Class,Consumer,Yonkers,New York,10701,TEC-AC-10002001,Accessories,Logitech Wireless Gaming Headset G930,479.97,0.0,177.58890000000002,Gold,1500.1,21.0,4.9,False,10.0,Satisfied
22193.0,Home,116.0,1.0,1422.0,Cash,27.0,0.0,Kyle Smith,Male,0.0,536384,CREAM HEART CARD HOLDER,3.95,United Kingdom,1.0,Phone,14.0,3.0,3.0,Mobile,Single,2.0,0.0,21.0,0.0,1.0,2.0,133.1,369.19,2017-04-13 00:43:00,5.0,delivered,8.0,First Class,Consumer,Seattle,Washington,98103,OFF-AR-10001427,Art,Newell 330,17.94,0.0,4.6644000000000005,Bronze,520.4,9.0,3.5,True,37.0,Unsatisfied
22193.0,Electronics,94.0,4.0,3764.0,PayPal,27.0,1.0,Kyle Smith,Male,0.0,536384,ENAMEL FIRE BUCKET CREAM,6.95,United Kingdom,9.0,Phone,9.0,1.0,3.0,Laptop & Accessory,Single,5.0,0.0,12.0,6.0,7.0,7.0,144.85,369.6,2018-01-29 11:31:00,5.0,delivered,1.0,Standard Class,Corporate,Seattle,Washington,98103,OFF-ST-10000934,Storage,"Contico 72""H Heavy-Duty Storage System",204.9,0.0,0.0,Silver,690.6,12.0,3.9,True,47.0,Unsatisfied
7340.0,Electronics,346.0,3.0,2165.0,Credit Card,35.0,1.0,Kim Mcdonald,Male,1.0,536385,TRADITIONAL CHRISTMAS RIBBONS,1.25,United Kingdom,8.0,Mobile Phone,22.0,3.0,3.0,Fashion,Divorced,1.0,0.0,15.0,3.0,6.0,9.0,180.2,139.43,2017-01-27 00:30:00,5.0,delivered,5.0,Second Class,Corporate,Richmond,Kentucky,40475,OFF-AP-10002578,Appliances,"Fellowes Premier Superior Surge Suppressor, 10-Outlet, With Phone and Remote",146.76,0.0,38.1576,Silver,700.4,13.0,4.0,True,53.0,Unsatisfied
7340.0,Home,255.0,1.0,306.0,PayPal,35.0,0.0,Kim Mcdonald,Male,1.0,536385,ORGANISER WOOD ANTIQUE WHITE ,8.5,United Kingdom,9.0,Computer,24.0,2.0,2.0,Mobile Phone,Divorced,5.0,0.0,18.0,0.0,1.0,0.0,136.88,202.95,2017-04-20 14:36:00,4.0,delivered,6.0,Standard Class,Consumer,Roseville,California,95661,OFF-AR-10001770,Art,Economy #2 Pencils,7.98,0.0,2.0748,Bronze,430.8,7.0,3.4,False,23.0,Neutral
31538.0,Home,341.0,4.0,4847.0,Cash,37.0,0.0,Joshua Maynard,Male,0.0,536385,LUNCH BAG DOLLY GIRL DESIGN,1.65,United Kingdom,24.0,Mobile Phone,8.0,2.0,5.0,Laptop & Accessory,Married,6.0,0.0,18.0,0.0,1.0,2.0,154.82,191.57,2017-04-20 14:36:00,4.0,delivered,1.0,Second Class,Consumer,Columbus,Ohio,43229,OFF-FA-10001561,Fasteners,Stockwell Push Pins,10.464000000000002,0.2,1.7003999999999992,Gold,1140.6,15.0,4.5,True,27.0,Satisfied
31538.0,Clothing,499.0,4.0,4477.0,Cash,37.0,1.0,Joshua Maynard,Male,0.0,536386,JUMBO  BAG BAROQUE BLACK WHITE,1.65,United Kingdom,0.0,Mobile Phone,16.0,3.0,4.0,Mobile Phone,Single,2.0,0.0,12.0,1.0,1.0,0.0,112.0,389.43,2017-09-03 09:56:00,5.0,delivered,1.0,Second Class,Consumer,New York City,New York,10024,OFF-PA-10002137,Paper,"Southworth 100% Résumé Paper, 24lb.",108.92,0.0,49.014,Bronze,480.25,9.0,3.6,True,38.0,Unsatisfied
31538.0,Books,180.0,2.0,4994.0,Cash,37.0,1.0,Joshua Maynard,Male,0.0,536386,JUMBO BAG RED RETROSPOT,1.65,United Kingdom,1.0,Mobile Phone,22.0,3.0,2.0,Laptop & Accessory,Single,1.0,0.0,19.0,0.0,1.0,7.0,156.61,399.44,2017-05-22 10:27:00,4.0,delivered,1.0,Second Class,Corporate,Richmond,Kentucky,40475,TEC-AC-10000710,Accessories,Maxell DVD-RAM Discs,32.96,0.0,14.172800000000002,Gold,1490.1,21.0,4.9,False,9.0,Satisfied
31538.0,Home,233.0,3.0,3362.0,PayPal,37.0,0.0,Joshua Maynard,Male,0.0,536387,CHILLI LIGHTS,3.82,United Kingdom,4.0,Mobile Phone,13.0,3.0,2.0,Laptop & Accessory,Divorced,5.0,0.0,11.0,3.0,7.0,7.0,169.29,387.8,2017-05-04 01:11:00,1.0,delivered,2.0,Second Class,Corporate,Richmond,Kentucky,40475,TEC-PH-10000984,Phones,Panasonic KX-TG9471B,587.97,0.0,164.63160000000005,Silver,680.3,10.0,3.8,True,32.0,Unsatisfied
31538.0,Home,491.0,4.0,1475.0,PayPal,37.0,0.0,Joshua Maynard,Male,0.0,536387,LIGHT GARLAND BUTTERFILES PINK,3.37,United Kingdom,12.0,Mobile Phone,6.0,2.0,2.0,Fashion,Married,1.0,0.0,17.0,3.0,3.0,7.0,196.13,394.52,2017-01-24 21:44:00,1.0,delivered,8.0,Second Class,Home Office,Calgary,Alberta,T2C,FUR-CH-10004063,Chairs,Global Deluxe High-Back Manager's Chair,915.14,0.2,102.95,Bronze,470.5,8.0,3.0,False,18.0,Neutral
31538.0,Books,224.0,4.0,3440.0,PayPal,37.0,0.0,Joshua Maynard,Male,0.0,536387,WOODEN OWLS LIGHT GARLAND ,3.37,United Kingdom,9.0,Computer,30.0,2.0,3.0,Laptop & Accessory,Divorced,8.0,0.0,15.0,0.0,1.0,8.0,156.74,398.33,2017-03-05 09:27:00,1.0,delivered,6.0,Second Class,Home Office,Calgary,Alberta,T2C,FUR-FU-10001979,Furnishings,Dana Halogen Swing-Arm Architect Lamp,327.76,0.0,91.77,Gold,1180.8,16.0,4.7,True,19.0,Satisfied
33511.0,Books,333.0,5.0,4456.0,Credit Card,56.0,1.0,Kathleen Brown,Male,1.0,536387,FAIRY TALE COTTAGE NIGHTLIGHT,1.45,United Kingdom,5.0,Mobile Phone,13.0,3.0,4.0,Laptop & Accessory,Divorced,2.0,0.0,14.0,1.0,4.0,8.0,154.84,398.33,2017-04-17 21:09:00,2.0,delivered,8.0,Standard Class,Home Office,Chesapeake,Virginia,23320,FUR-CH-10003379,Chairs,Global Commerce Series High-Back Swivel/Tilt Chairs,1139.92,0.0,284.98,Silver,790.2,11.0,4.0,False,15.0,Neutral
33511.0,Books,139.0,2.0,744.0,Credit Card,56.0,0.0,Kathleen Brown,Male,1.0,536388,HOME BUILDING BLOCK WORD,5.95,United Kingdom,30.0,Computer,6.0,2.0,5.0,Laptop & Accessory,Married,3.0,1.0,13.0,1.0,1.0,2.0,156.6,389.43,2017-07-01 13:29:00,5.0,delivered,10.0,Standard Class,Consumer,Logan,Utah,84321,OFF-BI-10001617,Binders,GBC Wire Binding Combs,33.088,0.2,11.1672,Gold,1470.5,20.0,4.8,False,13.0,Satisfied
33511.0,Clothing,28.0,1.0,3579.0,Credit Card,56.0,1.0,Kathleen Brown,Male,1.0,536388,LOVE BUILDING BLOCK WORD,5.95,United Kingdom,4.0,Phone,11.0,2.0,3.0,Mobile Phone,Divorced,1.0,1.0,12.0,0.0,1.0,3.0,148.21,398.85,2017-04-24 08:44:00,5.0,delivered,4.0,Standard Class,Consumer,Logan,Utah,84321,OFF-BI-10003007,Binders,"Premium Transparent Presentation Covers, No Pattern/Clear, 8 1/2"" x 11""",62.048,0.2,20.1656,Silver,710.4,13.0,4.1,True,54.0,Unsatisfied
33511.0,Electronics,467.0,4.0,3142.0,Cash,56.0,0.0,Kathleen Brown,Male,1.0,536388,DOORMAT FANCY FONT HOME SWEET HOME,7.95,United Kingdom,4.0,Mobile Phone,8.0,3.0,4.0,Laptop & Accessory,Divorced,4.0,0.0,12.0,0.0,1.0,0.0,164.1,394.52,2017-04-28 23:06:00,1.0,delivered,3.0,Standard Class,Home Office,Jacksonville,Florida,32216,OFF-PA-10000176,Paper,Xerox 1887,91.056,0.2,31.869599999999995,Bronze,430.8,7.0,3.4,False,23.0,Neutral
33511.0,Electronics,229.0,3.0,4086.0,PayPal,56.0,1.0,Kathleen Brown,Male,1.0,536388,HOME SMALL WOOD LETTERS,4.95,United Kingdom,18.0,Computer,13.0,3.0,3.0,Fashion,Married,2.0,0.0,18.0,5.0,9.0,11.0,152.1,387.8,2017-03-17 21:48:00,5.0,delivered,4.0,Standard Class,Corporate,Huntington Beach,California,92646,OFF-PA-10001204,Paper,Xerox 1972,10.56,0.0,4.752,Gold,1130.6,15.0,4.5,True,26.0,Satisfied
5952.0,Home,219.0,2.0,4129.0,Credit Card,55.0,1.0,Elizabeth Ingram,Male,0.0,536388,HOMEMADE JAM SCENTED CANDLES,1.45,United Kingdom,15.0,Phone,14.0,2.0,4.0,Laptop & Accessory,Divorced,3.0,0.0,15.0,7.0,7.0,7.0,149.41,51.31,2018-07-21 08:38:00,5.0,delivered,2.0,Standard Class,Consumer,Tampa,Florida,33614,FUR-FU-10001756,Furnishings,"Eldon Expressions Desk Accessory, Wood Photo Frame, Mahogany",45.696,0.2,5.140799999999992,Gold,1190.8,16.0,4.5,True,20.0,Satisfied
48449.0,Clothing,57.0,2.0,3574.0,Credit Card,31.0,1.0,Mrs. Stacy Brown DDS,Male,0.0,536388,HEART OF WICKER SMALL,1.65,United Kingdom,0.0,Phone,8.0,3.0,3.0,Laptop & Accessory,Single,2.0,1.0,11.0,1.0,1.0,4.0,144.78,0.67,2018-08-06 18:51:00,5.0,delivered,1.0,Standard Class,Consumer,Tampa,Florida,33614,OFF-PA-10002120,Paper,Xerox 1889,131.904,0.2,47.8152,Gold,1370.2,18.0,4.7,False,10.0,Satisfied
48449.0,Clothing,278.0,4.0,4938.0,Cash,31.0,1.0,Mrs. Stacy Brown DDS,Male,0.0,536388,5 HOOK HANGER MAGIC TOADSTOOL,1.65,United Kingdom,4.0,Mobile Phone,13.0,3.0,3.0,Laptop & Accessory,Married,5.0,0.0,12.0,0.0,1.0,7.0,175.47,47.55,2018-08-06 18:51:00,5.0,delivered,1.0,Standard Class,Consumer,Tampa,Florida,33614,OFF-ST-10001490,Storage,"Hot File 7-Pocket, Floor Stand",142.776,0.2,17.84699999999998,Silver,690.6,12.0,3.9,True,47.0,Unsatisfied
48449.0,Electronics,127.0,1.0,958.0,Cash,31.0,1.0,Mrs. Stacy Brown DDS,Male,0.0,536389,CHRISTMAS LIGHTS 10 REINDEER,8.5,Australia,5.0,Mobile Phone,8.0,3.0,2.0,Laptop & Accessory,Single,8.0,0.0,16.0,1.0,1.0,7.0,150.55,38.41,2018-12-06 19:02:00,5.0,delivered,1.0,Second Class,Home Office,Raleigh,North Carolina,27604,TEC-PH-10002415,Phones,Polycom VoiceStation 500 Conference phone,471.92,0.2,29.49500000000002,Bronze,440.9,8.0,3.2,False,24.0,Neutral
48449.0,Electronics,91.0,3.0,1899.0,Credit Card,31.0,1.0,Mrs. Stacy Brown DDS,Male,0.0,536389,VINTAGE UNION JACK CUSHION COVER,4.95,Australia,0.0,Phone,8.0,2.0,5.0,Mobile,Divorced,6.0,1.0,13.0,2.0,2.0,2.0,134.64,49.3,2018-06-25 18:04:00,5.0,delivered,1.0,Standard Class,Corporate,New York City,New York,10024,FUR-TA-10001950,Tables,Balt Solid Wood Round Tables,1071.576,0.4,-553.6476,Gold,1160.3,14.0,4.4,True,22.0,Satisfied
17203.0,Electronics,259.0,3.0,3809.0,Credit Card,62.0,0.0,James Roberson,Male,0.0,536389,VINTAGE HEADS AND TAILS CARD GAME ,1.25,Australia,3.0,Mobile Phone,34.0,3.0,3.0,Laptop & Accessory,Divorced,2.0,0.0,13.0,0.0,1.0,9.0,157.75,97.31,2018-09-08 07:25:00,3.0,delivered,8.0,Standard Class,Corporate,New York City,New York,10024,FUR-TA-10003473,Tables,Bretford Rectangular Conference Table Tops,1579.746,0.4,-447.5946999999999,Silver,800.2,11.0,4.1,False,17.0,Neutral
17203.0,Clothing,495.0,4.0,3057.0,Cash,62.0,1.0,James Roberson,Male,0.0,536389,SET OF 3 COLOURED  FLYING DUCKS,5.45,Australia,4.0,Computer,13.0,2.0,4.0,Fashion,Divorced,2.0,0.0,24.0,3.0,8.0,9.0,189.43,39.42,2018-09-07 19:51:00,5.0,delivered,1.0,Standard Class,Corporate,New York City,New York,10024,FUR-TA-10004175,Tables,"Hon 30"" x 60"" Table with Locking Drawer",613.908,0.4,-122.78160000000004,Gold,1420.8,19.0,4.6,False,11.0,Satisfied
17203.0,Home,445.0,1.0,3218.0,PayPal,62.0,1.0,James Roberson,Male,0.0,536389,BLACK/BLUE POLKADOT UMBRELLA,5.95,Australia,6.0,Computer,16.0,2.0,4.0,Laptop & Accessory,Single,4.0,0.0,14.0,1.0,1.0,1.0,146.82,66.32,2017-10-08 13:55:00,5.0,delivered,3.0,Same Day,Consumer,Dallas,Texas,75217,OFF-AR-10003732,Art,Newell 333,4.448,0.2,0.3335999999999999,Gold,1210.6,17.0,4.8,True,18.0,Satisfied
2695.0,Home,78.0,2.0,4036.0,PayPal,45.0,0.0,Andrea Ross,Female,0.0,536389,ALARM CLOCK BAKELIKE GREEN,3.75,Australia,16.0,Computer,16.0,2.0,4.0,Laptop & Accessory,Married,2.0,0.0,11.0,0.0,1.0,0.0,152.57,158.91,2017-10-11 16:16:00,1.0,delivered,1.0,Standard Class,Consumer,Lakeville,Minnesota,55044,OFF-BI-10000136,Binders,Avery Non-Stick Heavy Duty View Round Locking Ring Binders,35.88,0.0,17.2224,Bronze,495.25,10.0,3.5,True,35.0,Unsatisfied
2695.0,Books,88.0,4.0,3438.0,PayPal,45.0,1.0,Andrea Ross,Female,0.0,536389,BLUE DINER WALL CLOCK,8.5,Australia,27.0,Computer,26.0,2.0,3.0,Laptop & Accessory,Single,4.0,0.0,12.0,1.0,1.0,3.0,148.69,209.5,2018-06-01 23:02:00,1.0,delivered,4.0,Standard Class,Corporate,Jackson,Mississippi,39212,OFF-BI-10000605,Binders,"Acco Pressboard Covers with Storage Hooks, 9 1/2"" x 11"", Executive Red",11.43,0.0,5.3721,Silver,670.6,12.0,3.9,True,46.0,Unsatisfied
2695.0,Books,398.0,4.0,1999.0,Cash,45.0,1.0,Andrea Ross,Female,0.0,536389,IVORY DINER WALL CLOCK,8.5,Australia,16.0,Mobile Phone,13.0,2.0,3.0,Fashion,Divorced,9.0,0.0,16.0,1.0,1.0,0.0,199.85,209.5,2018-06-01 23:02:00,1.0,delivered,4.0,Standard Class,Consumer,Lakeville,Minnesota,55044,OFF-BI-10001758,Binders,Wilson Jones 14 Line Acrylic Coated Pressboard Data Binders,53.4,0.0,25.098,Bronze,460.9,8.0,3.2,False,25.0,Neutral
2695.0,Clothing,232.0,4.0,2444.0,Credit Card,45.0,1.0,Andrea Ross,Female,0.0,536389,LARGE HEART MEASURING SPOONS,1.65,Australia,18.0,Phone,14.0,3.0,3.0,Laptop & Accessory,Divorced,10.0,0.0,14.0,7.0,9.0,8.0,136.97,209.5,2018-06-01 23:02:00,1.0,delivered,4.0,Standard Class,Consumer,Lakeville,Minnesota,55044,OFF-PA-10000466,Paper,"Memo Book, 100 Message Capacity, 5 3/8” x 11”",47.18,0.0,23.59,Gold,1170.3,14.0,4.5,True,21.0,Satisfied
2695.0,Home,306.0,5.0,650.0,Cash,45.0,0.0,Andrea Ross,Female,0.0,536389,SMALL HEART MEASURING SPOONS,0.85,Australia,13.0,Mobile Phone,6.0,2.0,5.0,Laptop & Accessory,Divorced,3.0,1.0,22.0,1.0,1.0,2.0,174.57,209.5,2018-06-01 23:02:00,1.0,delivered,4.0,Standard Class,Corporate,New York City,New York,10024,OFF-PA-10000919,Paper,Xerox 1918,155.04,0.0,75.9696,Silver,810.2,11.0,4.0,False,14.0,Neutral
2695.0,Electronics,294.0,3.0,953.0,PayPal,45.0,1.0,Andrea Ross,Female,0.0,536390,JAM MAKING SET WITH JARS,3.75,United Kingdom,2.0,Phone,15.0,1.0,4.0,Mobile Phone,Single,1.0,0.0,17.0,2.0,2.0,2.0,139.83,207.32,2017-07-21 20:13:00,1.0,processing,10.0,Same Day,Consumer,Dallas,Texas,75217,OFF-PA-10002365,Paper,Xerox 1967,15.552000000000003,0.2,5.4432,Gold,1450.5,20.0,4.8,False,12.0,Satisfied
15079.0,Home,281.0,1.0,4685.0,Cash,24.0,0.0,Christine Stanton,Male,0.0,536390,JAM MAKING SET PRINTED,1.45,United Kingdom,3.0,Mobile Phone,11.0,1.0,4.0,Laptop & Accessory,Married,2.0,0.0,13.0,0.0,1.0,2.0,161.18,24.04,2017-05-29 19:02:00,4.0,delivered,1.0,Standard Class,Corporate,New York City,New York,10024,OFF-PA-10002960,Paper,Xerox 1926,34.86,0.0,16.3842,Silver,690.4,13.0,4.1,True,52.0,Unsatisfied
15079.0,Electronics,413.0,4.0,3445.0,Cash,24.0,1.0,Christine Stanton,Male,0.0,536390,JAM JAR WITH PINK LID,0.72,United Kingdom,0.0,Mobile Phone,14.0,2.0,3.0,Laptop & Accessory,Divorced,2.0,0.0,18.0,0.0,1.0,7.0,162.14,96.24,2017-09-21 13:21:00,3.0,delivered,5.0,Standard Class,Corporate,Jackson,Mississippi,39212,OFF-PA-10003063,Paper,EcoTones Memo Sheets,16.0,0.0,7.68,Bronze,420.8,7.0,3.4,False,24.0,Neutral
15079.0,Home,140.0,4.0,2618.0,Credit Card,24.0,1.0,Christine Stanton,Male,0.0,536390,HANGING HEART ZINC T-LIGHT HOLDER,0.64,United Kingdom,4.0,Mobile Phone,13.0,2.0,3.0,Fashion,Single,2.0,1.0,14.0,2.0,4.0,10.0,171.43,81.81,2018-04-19 08:33:00,1.0,delivered,1.0,Second Class,Home Office,San Francisco,California,94110,FUR-BO-10004218,Bookcases,"Bush Heritage Pine Collection 5-Shelf Bookcase, Albany Pine Finish, *Special Order",1198.33,0.15,70.49000000000001,Bronze,480.25,9.0,3.6,True,39.0,Unsatisfied
15079.0,Books,179.0,4.0,5051.0,Cash,24.0,1.0,Christine Stanton,Male,0.0,536390,PAPER CHAIN KIT VINTAGE CHRISTMAS,2.55,United Kingdom,2.0,Mobile Phone,16.0,2.0,4.0,Laptop & Accessory,Married,2.0,1.0,14.0,0.0,1.0,7.0,182.68,69.03,2017-01-09 03:12:00,4.0,delivered,4.0,Standard Class,Home Office,Jacksonville,Florida,32216,FUR-FU-10001986,Furnishings,"Dana Fluorescent Magnifying Lamp, White, 36""",122.352,0.2,15.29399999999999,Gold,1490.1,21.0,4.9,False,9.0,Satisfied
21450.0,Books,498.0,1.0,5132.0,Credit Card,39.0,1.0,Christopher Barber,Female,1.0,536390,SMALL POPCORN HOLDER,0.72,United Kingdom,14.0,Mobile Phone,12.0,3.0,4.0,Laptop & Accessory,Single,7.0,1.0,15.0,1.0,1.0,2.0,160.32,67.41,2017-07-16 09:40:00,4.0,delivered,5.0,Standard Class,Home Office,Jacksonville,Florida,32216,OFF-AR-10003183,Art,Avery Fluorescent Highlighter Four-Color Set,8.016,0.2,1.0019999999999991,Gold,1180.8,16.0,4.7,True,19.0,Satisfied
21450.0,Books,72.0,4.0,4038.0,Credit Card,39.0,1.0,Christopher Barber,Female,1.0,536390,SET/20 RED RETROSPOT PAPER NAPKINS ,0.64,United Kingdom,2.0,Computer,8.0,3.0,3.0,Laptop & Accessory,Divorced,2.0,0.0,14.0,1.0,1.0,2.0,146.49,73.15,2018-02-14 11:06:00,5.0,delivered,1.0,Standard Class,Home Office,Burbank,California,91505,OFF-ST-10000078,Storage,Tennsco 6- and 18-Compartment Lockers,1856.19,0.0,334.11419999999987,Gold,1470.5,20.0,4.8,False,13.0,Satisfied
11738.0,Clothing,208.0,4.0,2119.0,Cash,64.0,0.0,Cynthia Taylor,Male,0.0,536390,DELUXE SEWING KIT ,4.95,United Kingdom,10.0,Mobile Phone,12.0,2.0,2.0,Laptop & Accessory,Married,5.0,1.0,13.0,2.0,6.0,7.0,159.74,79.53,2018-03-26 06:52:00,4.0,delivered,1.0,First Class,Corporate,Lakeland,Florida,33801,FUR-FU-10002508,Furnishings,Document Clip Frames,20.016,0.2,5.504400000000001,Silver,820.9,12.0,4.3,False,13.0,Neutral
11738.0,Books,131.0,4.0,412.0,Credit Card,64.0,1.0,Cynthia Taylor,Male,0.0,536390,RETROSPOT HEART HOT WATER BOTTLE,4.25,United Kingdom,3.0,Computer,31.0,2.0,3.0,Laptop & Accessory,Divorced,8.0,1.0,12.0,1.0,2.0,2.0,147.36,68.64,2017-09-13 14:00:00,4.0,delivered,1.0,First Class,Corporate,Lakeland,Florida,33801,FUR-FU-10003981,Furnishings,Eldon Wave Desk Accessories,4.992000000000001,0.2,1.3728000000000002,Bronze,485.25,9.0,3.6,True,39.0,Unsatisfied
11738.0,Clothing,102.0,1.0,3927.0,PayPal,64.0,1.0,Cynthia Taylor,Male,0.0,536390,KNITTED UNION FLAG HOT WATER BOTTLE,3.39,United Kingdom,0.0,Mobile Phone,6.0,2.0,3.0,Laptop & Accessory,Divorced,2.0,0.0,17.0,2.0,7.0,7.0,152.96,93.48,2017-06-12 16:08:00,5.0,delivered,2.0,First Class,Corporate,Lakeland,Florida,33801,OFF-BI-10001196,Binders,"Avery Flip-Chart Easel Binder, Black",33.57,0.7,-25.737,Gold,1500.1,21.0,4.9,False,10.0,Satisfied
15595.0,Books,166.0,3.0,4845.0,Cash,40.0,0.0,Stephen Hughes,Male,0.0,536390,ENGLISH ROSE HOT WATER BOTTLE,3.75,United Kingdom,15.0,Mobile Phone,8.0,3.0,4.0,Laptop & Accessory,Single,4.0,0.0,23.0,0.0,1.0,0.0,167.81,93.48,2017-12-22 04:29:00,4.0,delivered,1.0,First Class,Corporate,Lakeland,Florida,33801,OFF-LA-10000443,Labels,Avery 501,11.808,0.2,3.9852,Silver,670.3,10.0,3.8,True,33.0,Unsatisfied
15595.0,Home,372.0,2.0,2514.0,Cash,40.0,0.0,Stephen Hughes,Male,0.0,536390,HOMEMADE JAM SCENTED CANDLES,1.25,United Kingdom,9.0,Computer,6.0,2.0,3.0,Laptop & Accessory,Single,5.0,0.0,15.0,1.0,1.0,0.0,166.53,186.96,2017-11-24 20:35:00,1.0,delivered,4.0,First Class,Corporate,Lakeland,Florida,33801,TEC-AC-10002647,Accessories,"Logitech Wireless Boombox Speaker - portable - wireless, wired",170.24,0.2,53.19999999999999,Gold,1190.8,16.0,4.5,True,20.0,Satisfied
15595.0,Clothing,314.0,4.0,3740.0,Cash,40.0,1.0,Stephen Hughes,Male,0.0,536390,JUMBO BAG RED RETROSPOT,1.65,United Kingdom,9.0,Computer,9.0,2.0,4.0,Fashion,Divorced,5.0,0.0,11.0,0.0,1.0,12.0,196.99,186.96,2017-11-24 20:35:00,1.0,delivered,4.0,First Class,Corporate,Lakeland,Florida,33801,TEC-PH-10004667,Phones,Cisco 8x8 Inc. 6753i IP Business Phone System,323.97600000000006,0.2,28.34789999999998,Silver,830.75,13.0,4.2,False,14.0,Satisfied
15595.0,Books,356.0,3.0,2008.0,Cash,40.0,0.0,Stephen Hughes,Male,0.0,C536391,PLASTERS IN TIN CIRCUS PARADE ,1.65,United Kingdom,30.0,Mobile Phone,6.0,2.0,3.0,Laptop & Accessory,Divorced,3.0,0.0,11.0,1.0,1.0,2.0,167.55,93.48,2017-10-25 21:04:00,5.0,delivered,1.0,Standard Class,Consumer,Knoxville,Tennessee,37918,FUR-CH-10000422,Chairs,Global Highback Leather Tilter in Burgundy,218.376,0.2,-10.918799999999983,Bronze,520.4,9.0,3.5,True,37.0,Unsatisfied
44311.0,Clothing,147.0,3.0,4967.0,Credit Card,49.0,0.0,Lauren Torres,Female,1.0,C536391,CHICK GREY HOT WATER BOTTLE,3.45,United Kingdom,10.0,Phone,16.0,3.0,3.0,Mobile,Divorced,7.0,0.0,20.0,1.0,1.0,3.0,134.52,47.04,2018-08-13 15:55:00,5.0,delivered,3.0,Standard Class,Consumer,Hamilton,Ohio,45011,OFF-AR-10004685,Art,"Binney & Smith Crayola Metallic Colored Pencils, 8-Color Set",7.408,0.2,1.2037999999999995,Gold,1160.3,14.0,4.4,True,22.0,Satisfied
44311.0,Home,384.0,3.0,2725.0,Cash,49.0,0.0,Lauren Torres,Female,1.0,C536391,PLASTERS IN TIN VINTAGE PAISLEY ,1.65,United Kingdom,19.0,Computer,13.0,1.0,3.0,Laptop & Accessory,Divorced,3.0,0.0,14.0,0.0,1.0,0.0,152.58,30.0,2018-04-23 01:41:00,5.0,delivered,1.0,Standard Class,Corporate,Springfield,Virginia,22153,OFF-BI-10001597,Binders,"Wilson Jones Ledger-Size, Piano-Hinge Binder, 2"", Blue",122.94,0.0,59.01119999999999,Silver,800.2,11.0,4.1,False,17.0,Neutral
44311.0,Home,427.0,2.0,3013.0,Cash,49.0,0.0,Lauren Torres,Female,1.0,C536391,PLASTERS IN TIN SKULLS,1.65,United Kingdom,4.0,Computer,10.0,2.0,3.0,Laptop & Accessory,Single,2.0,0.0,18.0,7.0,7.0,7.0,193.55,20.0,2018-04-23 01:41:00,5.0,delivered,1.0,Standard Class,Corporate,Springfield,Virginia,22153,OFF-LA-10004409,Labels,Avery 492,14.4,0.0,6.623999999999999,Bronze,525.75,9.0,3.3,True,40.0,Unsatisfied
44311.0,Books,83.0,3.0,979.0,PayPal,49.0,1.0,Lauren Torres,Female,1.0,536392,3 STRIPEY MICE FELTCRAFT,1.95,United Kingdom,23.0,Mobile Phone,16.0,3.0,4.0,Fashion,Single,7.0,0.0,15.0,0.0,1.0,3.0,204.96,25.0,2018-04-23 01:41:00,5.0,delivered,1.0,Standard Class,Consumer,Knoxville,Tennessee,37918,OFF-LA-10004544,Labels,Avery 505,59.20000000000001,0.2,22.2,Gold,1460.5,20.0,4.8,False,11.0,Satisfied
31852.0,Electronics,407.0,2.0,1265.0,Cash,70.0,1.0,Amber Watson,Male,1.0,536392,PARTY CONES CARNIVAL ASSORTED,1.25,United Kingdom,8.0,Mobile Phone,15.0,3.0,4.0,Laptop & Accessory,Single,10.0,0.0,19.0,1.0,1.0,0.0,165.4,93.79,2018-05-24 23:50:00,5.0,delivered,8.0,Same Day,Consumer,Portage,Indiana,46368,OFF-AR-10003478,Art,"Avery Hi-Liter EverBold Pen Style Fluorescent Highlighters, 4/Pack",16.28,0.0,6.5120000000000005,Bronze,490.25,9.0,3.6,True,40.0,Unsatisfied
31852.0,Home,319.0,4.0,4252.0,PayPal,70.0,1.0,Amber Watson,Male,1.0,536392,PARTY CONES CANDY ASSORTED,1.25,United Kingdom,0.0,Phone,6.0,2.0,3.0,Mobile Phone,Married,2.0,0.0,11.0,0.0,1.0,4.0,138.16,27.25,2017-06-25 17:54:00,1.0,invoiced,2.0,Standard Class,Consumer,Greensboro,North Carolina,27405,OFF-BI-10002735,Binders,GBC Prestige Therm-A-Bind Covers,51.46500000000002,0.7,-39.45649999999999,Gold,1480.1,21.0,4.9,False,10.0,Satisfied
46881.0,Electronics,455.0,2.0,2574.0,Credit Card,40.0,1.0,Matthew Navarro,Male,0.0,536392,PICNIC BASKET WICKER SMALL,5.95,United Kingdom,1.0,Mobile Phone,15.0,3.0,3.0,Laptop & Accessory,Single,2.0,0.0,16.0,1.0,1.0,7.0,152.53,90.88,2018-06-30 13:32:00,5.0,delivered,4.0,Standard Class,Consumer,Greensboro,North Carolina,27405,OFF-BI-10004410,Binders,"C-Line Peel & Stick Add-On Filing Pockets, 8-3/4 x 5-1/8, 10/Pack",7.644000000000001,0.7,-5.860399999999999,Silver,690.3,10.0,3.8,True,34.0,Unsatisfied
46881.0,Electronics,299.0,1.0,4362.0,PayPal,40.0,1.0,Matthew Navarro,Male,0.0,536392,ASSORTED COLOUR BIRD ORNAMENT,1.69,United Kingdom,22.0,Phone,13.0,2.0,4.0,Fashion,Single,9.0,0.0,24.0,1.0,1.0,0.0,145.0,91.29,2018-02-23 13:26:00,5.0,delivered,1.0,Standard Class,Corporate,Tucson,Arizona,85705,OFF-PA-10002581,Paper,Xerox 1951,74.352,0.2,23.234999999999992,Bronze,480.5,8.0,3.1,False,20.0,Neutral
46881.0,Clothing,120.0,4.0,3856.0,Credit Card,40.0,0.0,Matthew Navarro,Male,0.0,536392,STAR DECORATION PAINTED ZINC ,0.65,United Kingdom,24.0,Phone,20.0,2.0,3.0,Laptop & Accessory,Divorced,5.0,0.0,11.0,0.0,1.0,7.0,149.36,119.33,2017-08-18 16:54:00,5.0,delivered,1.0,First Class,Consumer,Delray Beach,Florida,33445,OFF-LA-10004484,Labels,Avery 476,9.912,0.2,3.2214,Gold,1170.8,16.0,4.7,True,21.0,Satisfied
46881.0,Electronics,148.0,5.0,3838.0,Credit Card,40.0,0.0,Matthew Navarro,Male,0.0,536394,"FANCY FONT BIRTHDAY CARD, ",0.42,United Kingdom,0.0,Computer,25.0,3.0,2.0,Laptop & Accessory,Single,9.0,1.0,13.0,1.0,1.0,4.0,153.04,427.02,2018-05-05 08:28:00,1.0,delivered,3.0,Second Class,Consumer,Los Angeles,California,90036,TEC-PH-10003484,Phones,Ooma Telo VoIP Home Phone System,604.752,0.2,37.797000000000025,Bronze,510.75,10.0,3.3,True,41.0,Unsatisfied
14652.0,Home,97.0,1.0,1416.0,Credit Card,31.0,0.0,George Johnson Jr.,Female,0.0,536394,HAND WARMER SCOTTY DOG DESIGN,1.85,United Kingdom,0.0,Phone,16.0,3.0,3.0,Laptop & Accessory,Married,2.0,1.0,12.0,0.0,1.0,3.0,142.6,215.49,2018-12-06 11:52:00,5.0,delivered,1.0,Standard Class,Consumer,New York City,New York,10024,OFF-PA-10004948,Paper,Xerox 190,24.9,0.0,11.703,Silver,700.4,13.0,4.1,True,56.0,Unsatisfied
14652.0,Books,320.0,5.0,2185.0,Credit Card,31.0,1.0,George Johnson Jr.,Female,0.0,536394,DOG BOWL CHASING BALL DESIGN,3.75,United Kingdom,9.0,Mobile Phone,8.0,3.0,4.0,Fashion,Divorced,2.0,0.0,13.0,9.0,9.0,0.0,175.96,287.96,2018-06-18 16:34:00,2.0,delivered,6.0,Standard Class,Consumer,San Francisco,California,94110,OFF-AR-10003829,Art,Newell 35,6.56,0.0,1.9023999999999992,Bronze,495.25,9.0,3.6,True,41.0,Unsatisfied
14652.0,Electronics,273.0,5.0,2333.0,Credit Card,31.0,0.0,George Johnson Jr.,Female,0.0,536394,WHITE HANGING HEART T-LIGHT HOLDER,2.55,United Kingdom,13.0,Mobile Phone,8.0,2.0,3.0,Laptop & Accessory,Married,8.0,0.0,12.0,0.0,1.0,3.0,157.15,159.08,2018-07-23 12:50:00,5.0,delivered,5.0,Second Class,Corporate,San Francisco,California,94122,OFF-BI-10003291,Binders,Wilson Jones Leather-Like Binders with DublLock Round Rings,27.936000000000003,0.2,9.428399999999996,Bronze,430.5,8.0,3.1,False,21.0,Neutral
14652.0,Home,381.0,3.0,244.0,Cash,31.0,1.0,George Johnson Jr.,Female,0.0,536395,BLACK HEART CARD HOLDER,3.95,United Kingdom,10.0,Phone,16.0,2.0,3.0,Laptop & Accessory,Single,3.0,1.0,12.0,0.0,1.0,1.0,141.97,228.9,2018-08-02 18:35:00,5.0,delivered,1.0,Standard Class,Corporate,Los Angeles,California,90036,TEC-AC-10002323,Accessories,SanDisk Ultra 32 GB MicroSDHC Class 10 Memory Card,66.30000000000001,0.0,8.619000000000003,Silver,780.2,11.0,4.1,False,16.0,Neutral
26275.0,Clothing,371.0,3.0,4765.0,Credit Card,64.0,1.0,Colton Guerra,Female,0.0,536395,ALARM CLOCK BAKELIKE IVORY,3.75,United Kingdom,16.0,Phone,14.0,3.0,3.0,Laptop & Accessory,Married,5.0,1.0,14.0,0.0,1.0,2.0,145.22,56.1,2018-03-03 12:22:00,3.0,delivered,2.0,Standard Class,Consumer,San Francisco,California,94110,FUR-BO-10001337,Bookcases,O'Sullivan Living Dimensions 2-Shelf Bookcases,205.666,0.15,-12.098,Bronze,475.25,9.0,3.6,True,42.0,Unsatisfied
26275.0,Home,354.0,3.0,1686.0,Cash,64.0,0.0,Colton Guerra,Female,0.0,536395,ALARM CLOCK BAKELIKE RED ,3.75,United Kingdom,0.0,Phone,10.0,2.0,4.0,Laptop & Accessory,Single,2.0,1.0,11.0,0.0,1.0,3.0,144.87,57.1,2018-02-26 14:35:00,4.0,delivered,1.0,First Class,Home Office,Brownsville,Texas,78521,FUR-CH-10002304,Chairs,"Global Stack Chair without Arms, Black",127.302,0.3,-9.092999999999996,Gold,1480.1,21.0,4.9,False,11.0,Satisfied
26275.0,Electronics,17.0,1.0,3587.0,Credit Card,64.0,0.0,Colton Guerra,Female,0.0,536395,ALARM CLOCK BAKELIKE ORANGE,3.75,United Kingdom,10.0,Computer,31.0,3.0,3.0,Laptop & Accessory,Divorced,4.0,1.0,15.0,3.0,10.0,7.0,144.49,63.15,2018-01-22 11:21:00,5.0,delivered,3.0,First Class,Corporate,New York City,New York,10009,OFF-AR-10001231,Art,"Sanford EarthWrite Recycled Pencils, Medium Soft, #2",10.5,0.0,2.9400000000000004,Silver,660.3,10.0,3.8,True,36.0,Unsatisfied
37795.0,Electronics,17.0,4.0,5046.0,Cash,62.0,0.0,Steven Mccullough,Male,0.0,536395,HOT WATER BOTTLE TEA AND SYMPATHY,3.95,United Kingdom,12.0,Computer,6.0,2.0,3.0,Others,Married,2.0,1.0,14.0,0.0,1.0,6.0,291.97,114.36,2017-12-15 10:34:00,5.0,delivered,1.0,First Class,Home Office,Brownsville,Texas,78521,OFF-EN-10002230,Envelopes,Airmail Envelopes,335.72,0.2,113.3055,Gold,1190.8,16.0,4.5,True,23.0,Satisfied
37795.0,Books,78.0,3.0,1831.0,PayPal,62.0,1.0,Steven Mccullough,Male,0.0,536395,HAND WARMER SCOTTY DOG DESIGN,2.1,United Kingdom,3.0,Mobile Phone,18.0,2.0,3.0,Laptop & Accessory,Single,1.0,0.0,11.0,3.0,4.0,4.0,165.77,49.24,2017-08-22 11:03:00,5.0,delivered,1.0,Standard Class,Consumer,Apple Valley,Minnesota,55124,OFF-ST-10001511,Storage,Space Solutions Commercial Steel Shelving,129.3,0.0,6.464999999999989,Bronze,515.75,10.0,3.3,True,43.0,Unsatisfied
37795.0,Clothing,456.0,2.0,541.0,Credit Card,62.0,1.0,Steven Mccullough,Male,0.0,536396,WHITE HANGING HEART T-LIGHT HOLDER,2.55,United Kingdom,14.0,Mobile Phone,6.0,2.0,2.0,Fashion,Divorced,2.0,0.0,16.0,1.0,1.0,7.0,183.92,334.46,2017-08-29 20:50:00,5.0,delivered,8.0,Standard Class,Corporate,Seattle,Washington,98105,OFF-ST-10002957,Storage,Sterilite Show Offs Storage Containers,15.84,0.0,0.0,Gold,1450.5,19.0,4.6,False,12.0,Satisfied
4553.0,Clothing,428.0,5.0,4847.0,Credit Card,19.0,0.0,Roy Rosales,Female,0.0,536396,EDWARDIAN PARASOL BLACK,4.95,United Kingdom,25.0,Mobile Phone,9.0,2.0,4.0,Fashion,Divorced,3.0,1.0,14.0,0.0,1.0,4.0,179.69,133.28,2017-03-12 17:28:00,5.0,delivered,1.0,Standard Class,Consumer,San Francisco,California,94122,OFF-AP-10002765,Appliances,Fellowes Advanced Computer Series Surge Protectors,52.98,0.0,14.834400000000002,Gold,1160.6,15.0,4.5,True,31.0,Satisfied
6656.0,Electronics,222.0,4.0,3694.0,Cash,19.0,0.0,Stacy Melendez,Female,0.0,536396,WOOD 2 DRAWER CABINET WHITE FINISH,4.95,United Kingdom,19.0,Phone,24.0,2.0,3.0,Laptop & Accessory,Married,3.0,0.0,14.0,0.0,1.0,8.0,148.1,290.29,2018-06-05 20:15:00,1.0,canceled,4.0,Standard Class,Consumer,San Francisco,California,94122,OFF-BI-10004390,Binders,GBC DocuBind 200 Manual Binding Machine,673.5680000000001,0.2,252.588,Gold,1200.8,16.0,4.7,True,24.0,Satisfied
6656.0,Electronics,287.0,1.0,2405.0,PayPal,19.0,0.0,Stacy Melendez,Female,0.0,536396,WOOD S/3 CABINET ANT WHITE FINISH,6.95,United Kingdom,15.0,Computer,34.0,2.0,4.0,Laptop & Accessory,Divorced,1.0,0.0,11.0,0.0,1.0,4.0,145.23,137.64,2017-03-27 09:51:00,5.0,delivered,1.0,Standard Class,Consumer,Chicago,Illinois,60610,TEC-AC-10004901,Accessories,Kensington SlimBlade Notebook Wireless Mouse with Nano Receiver,79.98400000000001,0.2,13.9972,Silver,780.2,11.0,4.1,False,16.0,Neutral
6656.0,Clothing,253.0,1.0,993.0,Cash,19.0,0.0,Stacy Melendez,Female,0.0,536396,WOODEN PICTURE FRAME WHITE FINISH,2.1,United Kingdom,0.0,Phone,6.0,3.0,3.0,Mobile,Single,2.0,1.0,16.0,1.0,1.0,4.0,132.02,137.64,2017-03-27 09:51:00,5.0,delivered,1.0,Second Class,Consumer,Vallejo,California,94591,OFF-BI-10000042,Binders,"Pressboard Data Binder, Crimson, 12"" X 8 1/2""",17.088,0.2,5.553599999999999,Bronze,505.75,10.0,3.3,True,44.0,Unsatisfied
45727.0,Home,281.0,4.0,3901.0,PayPal,61.0,0.0,April Reynolds,Female,0.0,536398,PACK OF 12 RED RETROSPOT TISSUES ,0.29,United Kingdom,3.0,Computer,28.0,3.0,3.0,Fashion,Divorced,1.0,0.0,11.0,2.0,7.0,8.0,184.12,144.95,2018-08-21 21:43:00,5.0,delivered,1.0,Standard Class,Consumer,Athens,Georgia,30605,TEC-PH-10001128,Phones,Motorola Droid Maxx,1049.93,0.0,293.98040000000003,Bronze,470.5,8.0,3.0,False,22.0,Neutral
5243.0,Home,408.0,4.0,1743.0,PayPal,70.0,0.0,Kendra Bates,Male,1.0,536398,SET 7 BABUSHKA NESTING BOXES,8.5,United Kingdom,30.0,Computer,34.0,3.0,4.0,Fashion,Divorced,5.0,0.0,19.0,13.0,13.0,11.0,202.66,107.57,2017-01-27 13:43:00,5.0,delivered,5.0,Standard Class,Consumer,Detroit,Michigan,48205,FUR-FU-10004020,Furnishings,Advantus Panel Wall Acrylic Frame,5.47,0.0,2.3521,Gold,1450.5,19.0,4.6,False,13.0,Satisfied
5243.0,Clothing,477.0,1.0,5289.0,PayPal,70.0,0.0,Kendra Bates,Male,1.0,536398,DOORMAT FAIRY CAKE,7.95,United Kingdom,20.0,Mobile Phone,8.0,3.0,3.0,Laptop & Accessory,Married,6.0,0.0,13.0,0.0,1.0,4.0,150.7,141.51,2018-04-02 23:27:00,1.0,delivered,3.0,Standard Class,Consumer,Detroit,Michigan,48205,OFF-AR-10001955,Art,Newell 319,79.36,0.0,23.808,Silver,710.4,13.0,4.1,True,60.0,Unsatisfied
5243.0,Books,180.0,3.0,1157.0,PayPal,70.0,1.0,Kendra Bates,Male,1.0,536398,HAND WARMER SCOTTY DOG DESIGN,2.1,United Kingdom,8.0,Phone,28.0,2.0,5.0,Mobile Phone,Single,1.0,0.0,15.0,2.0,4.0,3.0,142.3,81.21,2017-01-12 08:41:00,3.0,delivered,1.0,Standard Class,Home Office,San Francisco,California,94109,OFF-LA-10001641,Labels,Avery 518,18.9,0.0,9.072,Gold,1160.6,15.0,4.5,True,33.0,Satisfied
32153.0,Electronics,17.0,3.0,3340.0,Cash,28.0,1.0,Megan Perry,Female,0.0,536398,PINK DOUGHNUT TRINKET POT ,1.65,United Kingdom,19.0,Mobile Phone,16.0,3.0,4.0,Fashion,Divorced,3.0,1.0,19.0,1.0,1.0,2.0,190.71,192.64,2017-08-11 22:49:00,5.0,delivered,1.0,Standard Class,Corporate,Lafayette,Louisiana,70506,OFF-ST-10004180,Storage,Safco Commercial Shelving,232.55,0.0,9.301999999999992,Gold,1490.1,21.0,4.9,False,11.0,Satisfied
46689.0,Home,282.0,3.0,5116.0,Credit Card,34.0,1.0,Jessica Lopez,Female,0.0,536398,HOT WATER BOTTLE I AM SO POORLY,4.65,United Kingdom,0.0,Phone,16.0,2.0,5.0,Mobile,Married,8.0,0.0,13.0,0.0,1.0,3.0,134.08,292.26,2018-05-08 18:06:00,5.0,delivered,10.0,Second Class,Consumer,Dearborn Heights,Michigan,48127,OFF-AR-10002952,Art,Stanley Contemporary Battery Pencil Sharpeners,26.7,0.0,7.475999999999999,Gold,1200.8,16.0,4.7,True,25.0,Satisfied
46689.0,Books,403.0,4.0,3535.0,Credit Card,34.0,1.0,Jessica Lopez,Female,0.0,536398,WHITE SKULL HOT WATER BOTTLE ,3.75,United Kingdom,8.0,Mobile Phone,22.0,3.0,3.0,Fashion,Divorced,5.0,1.0,12.0,0.0,1.0,0.0,176.32,145.07,2018-07-08 19:13:00,5.0,delivered,1.0,Second Class,Corporate,Alexandria,Virginia,22304,OFF-AR-10004757,Art,Crayola Colored Pencils,22.96,0.0,7.576799999999999,Bronze,505.75,10.0,3.3,True,46.0,Unsatisfied
46689.0,Home,351.0,1.0,3096.0,Credit Card,34.0,1.0,Jessica Lopez,Female,0.0,536398,SCOTTIE DOG HOT WATER BOTTLE,4.95,United Kingdom,0.0,Computer,26.0,3.0,3.0,Fashion,Divorced,4.0,0.0,12.0,1.0,1.0,0.0,198.24,91.3,2018-03-20 14:25:00,5.0,delivered,1.0,Standard Class,Corporate,Richmond,Kentucky,40475,OFF-BI-10002852,Binders,Ibico Standard Transparent Covers,115.36,0.0,56.5264,Gold,1460.5,20.0,4.8,False,14.0,Satisfied
46689.0,Electronics,489.0,3.0,583.0,Credit Card,34.0,1.0,Jessica Lopez,Female,0.0,536399,HAND WARMER RED POLKA DOT,1.85,United Kingdom,0.0,Computer,29.0,2.0,3.0,Fashion,Married,10.0,1.0,15.0,1.0,1.0,2.0,199.5,106.03,2018-06-03 10:57:00,4.0,delivered,5.0,Second Class,Consumer,Dearborn Heights,Michigan,48127,OFF-BI-10004209,Binders,"Fellowes Twister Kit, Gray/Clear, 3/pkg",40.2,0.0,18.09,Silver,710.4,13.0,4.1,True,61.0,Unsatisfied
46689.0,Books,151.0,2.0,2935.0,Credit Card,34.0,1.0,Jessica Lopez,Female,0.0,536400,HOMEMADE JAM SCENTED CANDLES,1.45,United Kingdom,9.0,Computer,16.0,2.0,3.0,Fashion,Single,2.0,0.0,14.0,1.0,9.0,7.0,199.8,94.58,2017-03-28 21:45:00,5.0,delivered,1.0,First Class,Home Office,New York City,New York,10035,OFF-PA-10004071,Paper,"Eaton Premium Continuous-Feed Paper, 25% Cotton, Letter Size, White, 1000 Shts/Box",55.48,0.0,26.6304,Gold,1140.6,15.0,4.5,True,34.0,Satisfied
46689.0,Electronics,201.0,3.0,513.0,PayPal,34.0,1.0,Jessica Lopez,Female,0.0,536401,BIRD HOUSE HOT WATER BOTTLE,2.55,United Kingdom,0.0,Computer,10.0,2.0,4.0,Mobile Phone,Single,6.0,0.0,16.0,1.0,1.0,2.0,138.94,50.0,2017-07-08 21:58:00,3.0,delivered,1.0,Second Class,Consumer,Dearborn Heights,Michigan,48127,OFF-ST-10000991,Storage,Space Solutions HD Industrial Steel Shelving.,689.82,0.0,20.69460000000001,Silver,800.9,12.0,4.1,False,19.0,Neutral
46689.0,Clothing,142.0,3.0,2974.0,Cash,34.0,0.0,Jessica Lopez,Female,0.0,536401,BOUDOIR SQUARE TISSUE BOX,1.25,United Kingdom,21.0,Phone,8.0,2.0,3.0,Laptop & Accessory,Divorced,3.0,0.0,14.0,4.0,6.0,7.0,140.51,23.93,2017-07-08 21:58:00,3.0,delivered,1.0,First Class,Corporate,Decatur,Illinois,62521,OFF-ST-10001031,Storage,Adjustable Personal File Tote,52.096,0.2,3.907200000000003,Bronze,475.25,9.0,3.6,True,46.0,Unsatisfied
8034.0,Books,411.0,5.0,4445.0,PayPal,30.0,0.0,Patrick Salinas,Male,1.0,536401,PHOTO FRAME CORNICE,2.95,United Kingdom,14.0,Computer,16.0,2.0,3.0,Laptop & Accessory,Single,8.0,0.0,14.0,0.0,1.0,10.0,162.3,96.83,2017-05-14 22:46:00,5.0,delivered,6.0,Second Class,Corporate,Alexandria,Virginia,22304,OFF-SU-10002881,Supplies,Martin Yale Chadless Opener Electric Letter Opener,4164.049999999999,0.0,83.28100000000006,Silver,660.3,10.0,3.8,True,40.0,Unsatisfied
8034.0,Electronics,24.0,5.0,4713.0,Credit Card,30.0,1.0,Patrick Salinas,Male,1.0,536401,SILK PURSE BABUSHKA RED,3.35,United Kingdom,8.0,Phone,6.0,2.0,3.0,Laptop & Accessory,Divorced,10.0,0.0,11.0,3.0,6.0,9.0,147.17,58.7,2017-04-13 02:11:00,4.0,delivered,1.0,Second Class,Corporate,Alexandria,Virginia,22304,TEC-PH-10001615,Phones,AT&T CL82213,28.99,0.0,8.407099999999996,Bronze,470.5,8.0,3.0,False,26.0,Neutral
8034.0,Clothing,274.0,5.0,847.0,Credit Card,30.0,1.0,Patrick Salinas,Male,1.0,536401,S/6 SEW ON CROCHET FLOWERS,1.25,United Kingdom,12.0,Computer,14.0,2.0,3.0,Mobile Phone,Divorced,2.0,0.0,11.0,0.0,1.0,7.0,137.55,96.83,2017-05-16 17:33:00,5.0,delivered,9.0,Standard Class,Corporate,Los Angeles,California,90049,FUR-FU-10001918,Furnishings,C-Line Cubicle Keepers Polyproplyene Holder With Velcro Backings,33.11,0.0,12.912900000000004,Silver,780.2,11.0,4.2,False,18.0,Neutral
49818.0,Home,455.0,2.0,4788.0,Credit Card,67.0,0.0,Kaylee Evans,Female,0.0,536401,TV DINNER TRAY VINTAGE PAISLEY,4.95,United Kingdom,2.0,Phone,25.0,2.0,3.0,Laptop & Accessory,Married,5.0,0.0,12.0,0.0,1.0,2.0,142.62,108.27,2017-02-19 18:40:00,4.0,delivered,1.0,Standard Class,Corporate,Lancaster,Pennsylvania,17602,OFF-BI-10003719,Binders,Large Capacity Hanging Post Binders,44.91000000000001,0.7,-35.928,Gold,1160.6,15.0,4.5,True,35.0,Satisfied
49818.0,Books,50.0,4.0,833.0,PayPal,67.0,1.0,Kaylee Evans,Female,0.0,536401,MIRRORED DISCO BALL ,5.95,United Kingdom,14.0,Computer,8.0,3.0,4.0,Laptop & Accessory,Single,3.0,1.0,17.0,0.0,1.0,7.0,168.11,138.85,2018-08-16 13:07:00,5.0,canceled,1.0,Second Class,Corporate,Los Angeles,California,90004,TEC-AC-10004171,Accessories,Razer Kraken 7.1 Surround Sound Over Ear USB Gaming Headset,299.97,0.0,131.98680000000002,Bronze,440.5,8.0,3.1,False,28.0,Neutral
49818.0,Books,25.0,2.0,4608.0,Credit Card,67.0,1.0,Kaylee Evans,Female,0.0,536401,SILVER LOOKING MIRROR,4.95,United Kingdom,8.0,Phone,6.0,3.0,3.0,Laptop & Accessory,Single,2.0,0.0,16.0,0.0,1.0,3.0,148.59,66.56,2017-04-05 07:21:00,5.0,delivered,6.0,First Class,Consumer,Mobile,Alabama,36608,FUR-FU-10004415,Furnishings,"Stacking Tray, Side-Loading, Legal, Smoke",8.96,0.0,2.7776,Silver,780.2,11.0,4.1,False,19.0,Neutral
37983.0,Clothing,106.0,4.0,914.0,PayPal,67.0,1.0,Victoria Michael,Male,0.0,536401,LADIES & GENTLEMEN METAL SIGN,2.55,United Kingdom,7.0,Mobile Phone,27.0,3.0,2.0,Laptop & Accessory,Single,2.0,0.0,12.0,5.0,5.0,7.0,153.37,198.36,2018-01-26 17:00:00,1.0,delivered,8.0,Standard Class,Corporate,Columbia,South Carolina,29203,OFF-PA-10000100,Paper,Xerox 1945,122.97,0.0,60.255300000000005,Bronze,505.75,10.0,3.3,True,48.0,Unsatisfied
13184.0,Home,243.0,4.0,4458.0,PayPal,62.0,0.0,Michael Daniels,Female,0.0,536401,DOORMAT TOPIARY,7.95,United Kingdom,19.0,Computer,24.0,2.0,3.0,Fashion,Divorced,6.0,0.0,11.0,1.0,1.0,2.0,205.27,151.34,2018-08-16 05:54:00,5.0,delivered,3.0,Same Day,Home Office,Marietta,Georgia,30062,TEC-PH-10004922,Phones,RCA Visys Integrated PBX 8-Line Router,200.97,0.0,50.24250000000001,Bronze,450.8,7.0,3.4,False,32.0,Neutral
13184.0,Electronics,390.0,4.0,4458.0,Credit Card,62.0,0.0,Michael Daniels,Female,0.0,536401,KITCHEN METAL SIGN,0.55,United Kingdom,10.0,Computer,15.0,3.0,3.0,Fashion,Married,2.0,0.0,13.0,6.0,7.0,7.0,188.34,112.71,2018-06-02 00:19:00,1.0,delivered,1.0,Standard Class,Home Office,Concord,California,94521,FUR-TA-10003748,Tables,Bevis 36 x 72 Conference Tables,99.592,0.2,2.489799999999999,Silver,800.9,12.0,4.1,False,20.0,Neutral
13184.0,Electronics,453.0,3.0,4199.0,Credit Card,62.0,0.0,Michael Daniels,Female,0.0,536401,TOILET METAL SIGN,0.55,United Kingdom,25.0,Mobile Phone,12.0,3.0,3.0,Laptop & Accessory,Married,4.0,1.0,12.0,2.0,6.0,9.0,155.77,112.71,2018-06-02 00:19:00,5.0,delivered,1.0,Standard Class,Consumer,Toledo,Ohio,43615,FUR-TA-10004442,Tables,Riverside Furniture Stanwyck Manor Table Series,172.11,0.4,-94.6605,Bronze,475.25,9.0,3.6,True,48.0,Unsatisfied
13184.0,Clothing,327.0,4.0,2370.0,Credit Card,62.0,1.0,Michael Daniels,Female,0.0,536401,METAL SIGN TAKE IT OR LEAVE IT ,2.95,United Kingdom,0.0,Computer,17.0,2.0,2.0,Laptop & Accessory,Divorced,9.0,0.0,12.0,1.0,1.0,2.0,147.07,261.96,2017-08-25 10:22:00,5.0,delivered,1.0,Standard Class,Corporate,Glendale,Arizona,85301,OFF-FA-10000611,Fasteners,Binder Clips by OIC,2.368,0.2,0.8287999999999999,Gold,1480.1,21.0,4.9,False,13.0,Satisfied
23699.0,Electronics,236.0,2.0,2118.0,PayPal,59.0,1.0,Tina Murray,Male,1.0,536401,GROW YOUR OWN BASIL IN ENAMEL MUG,2.1,United Kingdom,11.0,Mobile Phone,16.0,3.0,3.0,Laptop & Accessory,Divorced,4.0,0.0,19.0,1.0,1.0,0.0,198.24,167.56,2017-02-16 10:48:00,5.0,delivered,6.0,Standard Class,Corporate,Glendale,Arizona,85301,OFF-PA-10004733,Paper,Things To Do Today Spiral Book,19.008000000000003,0.2,6.890399999999998,Bronze,470.5,8.0,3.0,False,27.0,Neutral
23699.0,Books,289.0,5.0,2467.0,PayPal,59.0,1.0,Tina Murray,Male,1.0,536401,SET/10 PINK POLKADOT PARTY CANDLES,1.25,United Kingdom,10.0,Mobile Phone,6.0,3.0,3.0,Laptop & Accessory,Divorced,7.0,0.0,12.0,3.0,4.0,3.0,164.47,161.79,2017-04-19 22:15:00,1.0,delivered,2.0,Standard Class,Home Office,Concord,California,94521,TEC-AC-10001908,Accessories,Logitech Wireless Headset h800,399.96,0.0,139.986,Gold,1190.8,16.0,4.5,True,28.0,Satisfied
